subject,block,duration_ms
1,instructions,22520
1,prequiz,11407
1,0,276680
1,1,86466
1,2,86375
1,3,173954
1,4,71453
1,5,79794
1,6,120640
1,7,79178
1,8,80802
1,9,65334
1,postquiz,33050
2,instructions,462918
2,prequiz,96855
2,0,498888
2,1,215303
2,2,769445
2,3,296588
2,4,339748
2,5,253262
2,6,136588
2,7,419339
2,8,406581
2,9,111268
2,postquiz,158956
3,instructions,1150999
3,prequiz,839686
3,0,1391813
3,1,341488
3,2,1259350
3,3,417788
3,4,189880
3,5,439020
3,6,212563
3,7,400421
3,8,298872
3,9,297634
3,postquiz,87340
4,instructions,231839
4,prequiz,29580
4,0,998968
4,1,113488
4,2,246619
4,3,132079
4,4,203383
4,5,205800
4,6,226550
4,7,221961
4,8,319378
4,9,402787
4,postquiz,57854
5,instructions,486510
5,prequiz,358036
5,0,361692
5,1,326529
5,2,221852
5,3,379739
5,4,184417
5,5,197628
5,6,166464
5,7,256485
5,8,190290
5,9,149956
5,postquiz,62476
6,instructions,718089
6,prequiz,724390
6,0,394081
6,1,439747
6,2,252074
6,3,184521
6,4,161570
6,5,113728
6,6,89366
6,7,117833
6,8,79579
6,9,126235
6,postquiz,50753
7,instructions,9138
7,prequiz,144350
7,0,274380
7,1,208051
7,2,434305
7,3,378550
7,4,317803
7,5,355259
7,6,275564
7,7,230628
7,8,398306
7,9,376750
7,postquiz,95844
8,instructions,2015299
8,prequiz,1109231
8,0,668634
8,1,195447
8,2,178975
8,3,78583
8,4,311267
8,5,103484
8,6,247277
8,7,231376
8,8,119192
8,9,173836
8,postquiz,75198
9,instructions,285301
9,prequiz,157613
9,0,448094
9,1,857312
9,2,302406
9,3,592463
9,4,316319
9,5,486554
9,6,298183
9,7,267362
9,8,214657
9,9,274168
9,postquiz,97469
10,instructions,784058
10,prequiz,671506
10,0,441556
10,1,443546
10,2,347679
10,3,174396
10,4,223324
10,5,174578
10,6,109248
10,7,124693
10,8,89223
10,9,142917
10,postquiz,72910
11,instructions,154110
11,prequiz,28893
11,0,846244
11,1,144866
11,2,232407
11,3,231076
11,4,166494
11,5,510185
11,6,161556
11,7,203782
11,8,86310
11,9,172761
11,postquiz,79206
12,instructions,380071
12,prequiz,38615
12,0,921935
12,1,452565
12,2,443034
12,3,670395
12,4,801153
12,5,445630
12,6,245315
12,7,326092
12,8,681219
12,9,698904
12,postquiz,81817
13,instructions,123139
13,prequiz,31465
13,0,379802
13,1,388810
13,2,191523
13,3,159792
13,4,254321
13,5,278898
13,6,303514
13,7,128402
13,8,162572
13,9,189616
13,postquiz,87613
14,instructions,1195959
14,prequiz,1169009
14,0,611057
14,1,550717
14,2,397058
14,3,329401
14,4,852347
14,5,615095
14,6,277613
14,7,246290
14,8,262958
14,9,206997
14,postquiz,55391
15,instructions,198452
15,prequiz,21915
15,0,363176
15,1,190608
15,2,97020
15,3,139843
15,4,271674
15,5,76169
15,6,130536
15,7,112350
15,8,201682
15,9,76827
15,postquiz,44075
16,instructions,10514
16,prequiz,13233
16,0,110922
16,1,140170
16,2,109100
16,3,107383
16,4,107047
16,5,109602
16,6,101919
16,7,126422
16,8,103605
16,9,107745
16,postquiz,29127
17,instructions,282512
17,prequiz,60647
17,0,551147
17,1,469611
17,2,861165
17,3,762740
17,4,765231
17,5,821249
17,6,711799
17,7,179809
17,8,957167
17,9,240604
17,postquiz,49211
18,instructions,5252
18,prequiz,7184
18,0,265295
18,1,219426
18,2,189360
18,3,180727
18,4,182778
18,5,166842
18,6,162214
18,7,93062
18,8,93733
18,9,98019
18,postquiz,41028
19,instructions,917590
19,prequiz,107217
19,0,548635
19,1,281640
19,2,117779
19,3,1094529
19,4,237901
19,5,119572
19,6,241093
19,7,404501
19,8,149283
19,9,330447
19,postquiz,63575
20,instructions,308109
20,prequiz,41162
20,0,-2984494
20,1,447701
20,2,625265
20,3,508333
20,4,1110800
20,5,514243
20,6,303607
20,7,-3276763
20,8,104743
20,9,227072
20,postquiz,81496
21,instructions,509871
21,prequiz,437464
21,0,408574
21,1,466642
21,2,228744
21,3,179625
21,4,161210
21,5,223624
21,6,141163
21,7,248409
21,8,168606
21,9,198371
21,postquiz,60481
22,instructions,260695
22,prequiz,27161
22,0,176816
22,1,689000
22,2,410296
22,3,290321
22,4,438224
22,5,898696
22,6,68752
22,7,107330
22,8,95600
22,9,471867
22,postquiz,34769
23,instructions,212323
23,prequiz,47458
23,0,1217819
23,1,192898
23,2,848010
23,3,168635
23,4,196354
23,5,302695
23,6,1132861
23,7,332707
23,8,356371
23,9,455562
23,postquiz,101447
24,instructions,10661
24,prequiz,15215
24,0,1013668
24,1,1781077
24,2,97104
24,3,342405
24,4,3409410
24,5,545168
24,6,225491
24,7,569632
24,8,285973
24,9,322033
24,postquiz,65397
25,instructions,1374218
25,prequiz,1359440
25,0,456978
25,1,1281658
25,2,831261
25,3,273814
25,4,563411
25,5,275348
25,6,314137
25,7,342777
25,8,211912
25,9,296706
25,postquiz,115319
26,instructions,8598
26,prequiz,10690
26,0,312111
26,1,394858
26,2,285538
26,3,164296
26,4,309267
26,5,362809
26,6,456403
26,7,313662
26,8,407351
26,9,380313
26,postquiz,272338
27,instructions,1488378
27,prequiz,31510
27,0,308837
27,1,4674135
27,2,552663
27,3,340224
27,4,277630
27,5,141092
27,6,817971
27,7,1289443
27,8,178755
27,9,80528
27,postquiz,61893
28,instructions,2311932
28,prequiz,2257037
28,0,309742
28,1,157808
28,2,112890
28,3,32963
28,4,257041
28,5,136086
28,6,83178
28,7,254904
28,8,100762
28,9,373617
28,postquiz,33039
29,instructions,133822
29,prequiz,25423
29,0,827507
29,1,431395
29,2,183990
29,3,334355
29,4,798369
29,5,178914
29,6,421776
29,7,442813
29,8,269243
29,9,241595
29,postquiz,115171
30,instructions,194132
30,prequiz,118057
30,0,897229
30,1,1062169
30,2,753207
30,3,571254
30,4,249539
30,5,595955
30,6,97516
30,7,462100
30,8,167226
30,9,131112
30,postquiz,117758
31,instructions,497089
31,prequiz,202848
31,0,1100658
31,1,557643
31,2,365018
31,3,315678
31,4,857276
31,5,403963
31,6,138031
31,7,231518
31,8,474230
31,9,356967
31,postquiz,52858
32,instructions,272115
32,prequiz,10550
32,0,339700
32,1,357446
32,2,281848
32,3,267109
32,4,138354
32,5,316943
32,6,129195
32,7,123397
32,8,149411
32,9,102134
32,postquiz,29770
33,instructions,5804
33,prequiz,11463
33,0,309232
33,1,191326
33,2,166485
33,3,132871
33,4,129333
33,5,134353
33,6,132682
33,7,324761
33,8,327435
33,9,219983
33,postquiz,57245
34,instructions,245390
34,prequiz,19093
34,0,327027
34,1,168593
34,2,291698
34,3,142396
34,4,213896
34,5,254599
34,6,209106
34,7,75423
34,8,112152
34,9,223496
34,postquiz,179236
35,instructions,383137
35,prequiz,63977
35,0,605052
35,1,1008017
35,2,689601
35,3,101202
35,4,317479
35,5,303509
35,6,305105
35,7,376729
35,8,332371
35,9,578242
35,postquiz,106102
36,instructions,179027
36,prequiz,19461
36,0,269644
36,1,258246
36,2,511402
36,3,532268
36,4,454907
36,5,111562
36,6,188116
36,7,85141
36,8,129890
36,9,129398
36,postquiz,49033
37,instructions,1274028
37,prequiz,1026726
37,0,457196
37,1,1457624
37,2,1219021
37,3,133669
37,4,131384
37,5,154536
37,6,157971
37,7,92779
37,8,193837
37,9,65172
37,postquiz,85833
38,instructions,445682
38,prequiz,261032
38,0,3263576
38,1,533900
38,2,299356
38,3,160192
38,4,95817
38,5,102346
38,6,76688
38,7,70468
38,8,64583
38,9,63187
38,postquiz,32397
39,instructions,57291
39,prequiz,7673
39,0,237808
39,1,166465
39,2,306692
39,3,124339
39,4,175585
39,5,274966
39,6,214951
39,7,79333
39,8,123499
39,9,81086
39,postquiz,29962
40,instructions,2982
40,prequiz,5396
40,0,59190
40,1,59270
40,2,85944
40,3,70105
40,4,137602
40,5,116014
40,6,134744
40,7,81996
40,8,142435
40,9,89425
40,postquiz,19650
41,instructions,912709
41,prequiz,846240
41,0,135661
41,1,104519
41,2,75877
41,3,146346
41,4,124508
41,5,99976
41,6,153513
41,7,94544
41,8,179225
41,9,141377
41,postquiz,130254
42,instructions,639972
42,prequiz,588287
42,0,137210
42,1,75662
42,2,108864
42,3,70923
42,4,55758
42,5,59183
42,6,54841
42,7,66838
42,8,58398
42,9,52245
42,postquiz,53532
43,instructions,324820
43,prequiz,19641
43,0,521857
43,1,275404
43,2,172372
43,3,447675
43,4,251525
43,5,120043
43,6,550461
43,7,929142
43,8,72426
43,9,533289
43,postquiz,36013
44,instructions,47561
44,prequiz,13898
44,0,240422
44,1,147731
44,2,576658
44,3,977274
44,4,225758
44,5,434200
44,6,300950
44,7,561184
44,8,769990
44,9,144870
44,postquiz,97787
45,instructions,544894
45,prequiz,6750
45,0,1057295
45,1,238998
45,2,453605
45,3,328902
45,4,145663
45,5,173279
45,6,59982
45,7,204711
45,8,94568
45,9,161377
45,postquiz,38463
46,instructions,529065
46,prequiz,366992
46,0,188705
46,1,348914
46,2,199318
46,3,110122
46,4,541747
46,5,83789
46,6,273442
46,7,92903
46,8,403721
46,9,371728
46,postquiz,59549
47,instructions,55785
47,prequiz,12786
47,0,701125
47,1,758373
47,2,646405
47,3,459201
47,4,992693
47,5,444722
47,6,666812
47,7,526786
47,8,855957
47,9,613219
47,postquiz,112239
48,instructions,121074
48,prequiz,14275
48,0,82992
48,1,162466
48,2,246622
48,3,424840
48,4,94360
48,5,458473
48,6,174355
48,7,327072
48,8,289786
48,9,133558
48,postquiz,112382
49,instructions,24951
49,prequiz,28506
49,0,331323
49,1,228500
49,2,131102
49,3,198241
49,4,228540
49,5,133741
49,6,118497
49,7,92077
49,8,97388
49,9,97732
49,postquiz,163217
50,instructions,60050
50,prequiz,25588
50,0,1201174
50,1,515022
50,2,211632
50,3,573141
50,4,1080771
50,5,224903
50,6,618089
50,7,127259
50,8,87174
50,9,293761
50,postquiz,143064
51,instructions,350238
51,prequiz,244637
51,0,146627
51,1,780122
51,2,366814
51,3,571551
51,4,368182
51,5,525940
51,6,203718
51,7,221454
51,8,196187
51,9,397175
51,postquiz,86984
52,instructions,94646
52,prequiz,54988
52,0,370080
52,1,652537
52,2,730907
52,3,585498
52,4,516077
52,5,283728
52,6,314002
52,7,145912
52,8,99678
52,9,287374
52,postquiz,123629
53,instructions,227321
53,prequiz,5587
53,0,138892
53,1,206201
53,2,231989
53,3,216083
53,4,211556
53,5,171104
53,6,252851
53,7,143427
53,8,420463
53,9,177265
53,postquiz,18509
54,instructions,144129
54,prequiz,211771
54,0,3299123
54,1,627660
54,2,399254
54,3,573086
54,4,282955
54,5,334937
54,6,869059
54,7,294479
54,8,318545
54,9,250854
54,postquiz,89501
55,instructions,93910
55,prequiz,36526
55,0,156488
55,1,80592
55,2,155798
55,3,159615
55,4,165055
55,5,130403
55,6,347624
55,7,34388
55,8,136912
55,9,288379
55,postquiz,30024
56,instructions,1038000
56,prequiz,950003
56,0,139572
56,1,94504
56,2,88073
56,3,81027
56,4,80242
56,5,98407
56,6,93919
56,7,85149
56,8,95391
56,9,75266
56,postquiz,29451
57,instructions,22933
57,prequiz,19925
57,0,284509
57,1,208264
57,2,239990
57,3,94445
57,4,126877
57,5,465529
57,6,237070
57,7,282262
57,8,217644
57,9,184991
57,postquiz,53237
58,instructions,114787
58,prequiz,37120
58,0,713930
58,1,625455
58,2,679070
58,3,488357
58,4,275715
58,5,400812
58,6,353826
58,7,68592
58,8,163810
58,9,256256
58,postquiz,56843
59,instructions,183927
59,prequiz,25461
59,0,448688
59,1,193137
59,2,298621
59,3,133876
59,4,193086
59,5,293132
59,6,555522
59,7,276457
59,8,65693
59,9,144043
59,postquiz,44906
60,instructions,163499
60,prequiz,105529
60,0,209309
60,1,298659
60,2,1027260
60,3,143923
60,4,224432
60,5,117564
60,6,108951
60,7,100703
60,8,92370
60,9,212705
60,postquiz,79721
61,instructions,295520
61,prequiz,22857
61,0,481281
61,1,297961
61,2,991622
61,3,351640
61,4,743641
61,5,690704
61,6,523265
61,7,211112
61,8,321634
61,9,473732
61,postquiz,136290
62,instructions,217451
62,prequiz,21355
62,0,203481
62,1,138696
62,2,367024
62,3,135087
62,4,1267237
62,5,89009
62,6,237739
62,7,181642
62,8,398739
62,9,208677
62,postquiz,42206
63,instructions,134782
63,prequiz,140790
63,0,121124
63,1,127495
63,2,126745
63,3,114811
63,4,129734
63,5,104791
63,6,152171
63,7,163391
63,8,163282
63,9,104319
63,postquiz,49500
64,instructions,254047
64,prequiz,150046
64,0,867657
64,1,348714
64,2,500516
64,3,403131
64,4,573563
64,5,551440
64,6,233003
64,7,128792
64,8,197240
64,9,185827
64,postquiz,78373
65,instructions,489866
65,prequiz,48586
65,0,1635822
65,1,517258
65,2,1633979
65,3,980419
65,4,1219090
65,5,1287724
65,6,744983
65,7,649361
65,8,242535
65,9,485424
65,postquiz,51599
66,instructions,292225
66,prequiz,23611
66,0,608761
66,1,404340
66,2,657870
66,3,366833
66,4,322347
66,5,292154
66,6,637058
66,7,225241
66,8,181329
66,9,369023
66,postquiz,150907
67,instructions,67786
67,prequiz,197949
67,0,318386
67,1,57819
67,2,232572
67,3,520359
67,4,443935
67,5,427713
67,6,347780
67,7,230934
67,8,238890
67,9,305158
67,postquiz,45354
68,instructions,1051324
68,prequiz,8784
68,0,700320
68,1,343273
68,2,596315
68,3,226071
68,4,343174
68,5,110194
68,6,280198
68,7,234474
68,8,221575
68,9,136712
68,postquiz,23907
69,instructions,306624
69,prequiz,195688
69,0,327208
69,1,274234
69,2,104673
69,3,105677
69,4,104843
69,5,105532
69,6,97264
69,7,98211
69,8,110840
69,9,140936
69,postquiz,73466
70,instructions,230975
70,prequiz,42049
70,0,383519
70,1,554708
70,2,969981
70,3,419785
70,4,731460
70,5,680753
70,6,80648
70,7,339767
70,8,280225
70,9,336813
70,postquiz,52265
71,instructions,505909
71,prequiz,644598
71,0,472405
71,1,3474088
71,2,424551
71,3,503380
71,4,419619
71,5,510815
71,6,221956
71,7,230044
71,8,117998
71,9,89144
71,postquiz,85513
72,instructions,103218
72,prequiz,348537
72,0,205390
72,1,287274
72,2,200313
72,3,138390
72,4,205179
72,5,150086
72,6,186573
72,7,411323
72,8,308738
72,9,111993
72,postquiz,126129
73,instructions,333643
73,prequiz,104265
73,0,605883
73,1,508317
73,2,286203
73,3,391584
73,4,356911
73,5,351388
73,6,250959
73,7,191036
73,8,352444
73,9,263814
73,postquiz,76270
74,instructions,14394
74,prequiz,13488
74,0,75135
74,1,84226
74,2,78141
74,3,77179
74,4,168873
74,5,78160
74,6,81898
74,7,74605
74,8,164220
74,9,67440
74,postquiz,50035
75,instructions,404674
75,prequiz,7764
75,0,2435507
75,1,96166
75,2,85229
75,3,286243
75,4,214078
75,5,204236
75,6,483195
75,7,1057000
75,8,161400
75,9,381582
75,postquiz,48480
76,instructions,230187
76,prequiz,236880
76,0,2657743
76,1,182198
76,2,133446
76,3,118745
76,4,147351
76,5,176628
76,6,130030
76,7,165332
76,8,196429
76,9,153535
76,postquiz,27961
77,instructions,223379
77,prequiz,255527
77,0,186478
77,1,793729
77,2,359701
77,3,490484
77,4,1399106
77,5,1268518
77,6,295770
77,7,247000
77,8,105208
77,9,328354
77,postquiz,82698
78,instructions,105670
78,prequiz,29474
78,0,2439390
78,1,1431726
78,2,318221
78,3,393964
78,4,270489
78,5,323837
78,6,230824
78,7,172698
78,8,664155
78,9,86495
78,postquiz,57876
79,instructions,152666
79,prequiz,24690
79,0,364711
79,1,82821
79,2,253099
79,3,371269
79,4,438358
79,5,678014
79,6,719323
79,7,234841
79,8,116034
79,9,174865
79,postquiz,77638
80,instructions,193604
80,prequiz,83085
80,0,185814
80,1,382423
80,2,312900
80,3,114106
80,4,257020
80,5,100070
80,6,1304222
80,7,490505
80,8,137269
80,9,188209
80,postquiz,32209
81,instructions,194992
81,prequiz,21080
81,0,63932
81,1,38930
81,2,96071
81,3,278647
81,4,284816
81,5,157885
81,6,254907
81,7,68509
81,8,243704
81,9,80771
81,postquiz,41743
82,instructions,704895
82,prequiz,414573
82,0,722540
82,1,233269
82,2,125460
82,3,149847
82,4,116997
82,5,166905
82,6,101825
82,7,102734
82,8,111018
82,9,102668
82,postquiz,81530
83,instructions,224699
83,prequiz,113135
83,0,375573
83,1,251383
83,2,276866
83,3,212115
83,4,167316
83,5,236680
83,6,136729
83,7,139417
83,8,264680
83,9,114329
83,postquiz,71617
84,instructions,902438
84,prequiz,597596
84,0,245212
84,1,257103
84,2,360359
84,3,270409
84,4,85306
84,5,142729
84,6,139160
84,7,132588
84,8,252249
84,9,196483
84,postquiz,122687
85,instructions,161353
85,prequiz,28985
85,0,277741
85,1,278298
85,2,47273
85,3,405930
85,4,107728
85,5,81926
85,6,146854
85,7,161029
85,8,75561
85,9,384455
85,postquiz,26826
86,instructions,271449
86,prequiz,31658
86,0,718671
86,1,344145
86,2,862896
86,3,563173
86,4,833832
86,5,746654
86,6,204896
86,7,311677
86,8,147411
86,9,515750
86,postquiz,137450
87,instructions,26464
87,prequiz,7739
87,0,138577
87,1,201417
87,2,137409
87,3,96194
87,4,114611
87,5,132168
87,6,158475
87,7,119998
87,8,254739
87,9,73887
87,postquiz,43154
88,instructions,3309754
88,prequiz,48148
88,0,388723
88,1,449022
88,2,71270
88,3,376036
88,4,252789
88,5,158043
88,6,206350
88,7,296002
88,8,204142
88,9,168854
88,postquiz,88414
89,instructions,7494
89,prequiz,6246
89,0,284012
89,1,763312
89,2,583410
89,3,146590
89,4,633307
89,5,681959
89,6,359232
89,7,1030612
89,8,553026
89,9,140408
89,postquiz,25151
90,instructions,208207
90,prequiz,47083
90,0,662461
90,1,350117
90,2,460775
90,3,459621
90,4,288762
90,5,323069
90,6,274063
90,7,332496
90,8,518737
90,9,192609
90,postquiz,69509
91,instructions,338801
91,prequiz,25496
91,0,1096995
91,1,330442
91,2,180612
91,3,198112
91,4,271477
91,5,304959
91,6,238933
91,7,1626276
91,8,197908
91,9,203305
91,postquiz,112487
92,instructions,204024
92,prequiz,177966
92,0,490538
92,1,241984
92,2,958980
92,3,181640
92,4,103471
92,5,300983
92,6,142344
92,7,191921
92,8,153455
92,9,142886
92,postquiz,26721
93,instructions,2407062
93,prequiz,108322
93,0,380763
93,1,305312
93,2,198958
93,3,124190
93,4,224492
93,5,257929
93,6,116314
93,7,188354
93,8,316538
93,9,131768
93,postquiz,59311
94,instructions,253626
94,prequiz,118523
94,0,237052
94,1,88009
94,2,81581
94,3,76912
94,4,68717
94,5,93268
94,6,79752
94,7,67993
94,8,86072
94,9,79721
94,postquiz,41614
95,instructions,226498
95,prequiz,18981
95,0,664320
95,1,355580
95,2,149210
95,3,799134
95,4,132224
95,5,378217
95,6,152157
95,7,328316
95,8,90225
95,9,146507
95,postquiz,113372
96,instructions,24104
96,prequiz,13279
96,0,346341
96,1,2082371
96,2,413081
96,3,264029
96,4,165850
96,5,259699
96,6,155130
96,7,337229
96,8,300802
96,9,261144
96,postquiz,108458
97,instructions,132226
97,prequiz,59742
97,0,272513
97,1,203494
97,2,241997
97,3,225438
97,4,123631
97,5,311938
97,6,379748
97,7,166862
97,8,85455
97,9,505263
97,postquiz,28267
98,instructions,836310
98,prequiz,109569
98,0,537746
98,1,1979721
98,2,261041
98,3,1700817
98,4,586361
98,5,158831
98,6,444460
98,7,203622
98,8,309289
98,9,256278
98,postquiz,223874
99,instructions,2625
99,prequiz,6049
99,0,212072
99,1,81470
99,2,90221
99,3,86062
99,4,76222
99,5,94216
99,6,103832
99,7,232745
99,8,100637
99,9,58996
99,postquiz,22219
100,instructions,2097740
100,prequiz,356567
100,0,865709
100,1,750043
100,2,385111
100,3,160143
100,4,137752
100,5,196430
100,6,146536
100,7,124993
100,8,80872
100,9,79191
100,postquiz,35725
101,instructions,2813
101,prequiz,12225
101,0,150188
101,1,59200
101,2,106107
101,3,194940
101,4,148807
101,5,124918
101,6,105388
101,7,101851
101,8,79374
101,9,86761
101,postquiz,44122
102,instructions,75543
102,prequiz,22533
102,0,1343019
102,1,762359
102,2,749731
102,3,716636
102,4,369972
102,5,125617
102,6,246636
102,7,224003
102,8,227741
102,9,176960
102,postquiz,130498
103,instructions,109481
103,prequiz,22544
103,0,283124
103,1,117497
103,2,265018
103,3,204130
103,4,265977
103,5,125005
103,6,50502
103,7,163271
103,8,104912
103,9,95794
103,postquiz,33467
104,instructions,101542
104,prequiz,162776
104,0,111242
104,1,209398
104,2,110730
104,3,213666
104,4,74651
104,5,70163
104,6,109919
104,7,183107
104,8,71598
104,9,105105
104,postquiz,36778
105,instructions,140475
105,prequiz,22003
105,0,513879
105,1,322273
105,2,209264
105,3,459655
105,4,119576
105,5,148705
105,6,382201
105,7,366350
105,8,305576
105,9,75162
105,postquiz,49376
106,instructions,177256
106,prequiz,36983
106,0,236883
106,1,282847
106,2,196311
106,3,237938
106,4,359103
106,5,186891
106,6,94408
106,7,402092
106,8,222589
106,9,103860
106,postquiz,80765
107,instructions,67609
107,prequiz,36627
107,0,143722
107,1,119654
107,2,269240
107,3,131941
107,4,188569
107,5,216749
107,6,206470
107,7,162363
107,8,312133
107,9,128820
107,postquiz,46844
108,instructions,126669
108,prequiz,41277
108,0,350504
108,1,56974
108,2,53378
108,3,167976
108,4,285877
108,5,63295
108,6,214695
108,7,365546
108,8,94709
108,9,171392
108,postquiz,32425
109,instructions,441841
109,prequiz,69935
109,0,427791
109,1,810895
109,2,453201
109,3,187830
109,4,397956
109,5,180716
109,6,134575
109,7,215429
109,8,320950
109,9,270652
109,postquiz,29591
110,instructions,215226
110,prequiz,62267
110,0,598643
110,1,260176
110,2,280976
110,3,453919
110,4,598209
110,5,428093
110,6,359401
110,7,332903
110,8,140407
110,9,316826
110,postquiz,30048
111,instructions,1560731
111,prequiz,240241
111,0,206188
111,1,207783
111,2,323000
111,3,270000
111,4,279268
111,5,210727
111,6,63927
111,7,147334
111,8,255286
111,9,308046
111,postquiz,97403
112,instructions,7770
112,prequiz,8332
112,0,52581
112,1,63673
112,2,53308
112,3,57714
112,4,50301
112,5,49711
112,6,51783
112,7,49410
112,8,55290
112,9,56393
112,postquiz,42710
113,instructions,735548
113,prequiz,450796
113,0,755343
113,1,338273
113,2,1355422
113,3,346761
113,4,1761941
113,5,483438
113,6,203254
113,7,365615
113,8,130079
113,9,163235
113,postquiz,59856
114,instructions,90312
114,prequiz,15670
114,0,246731
114,1,137666
114,2,226055
114,3,84507
114,4,115771
114,5,110012
114,6,76142
114,7,94307
114,8,89484
114,9,89820
114,postquiz,73738
115,instructions,172726
115,prequiz,17049
115,0,179106
115,1,194254
115,2,105547
115,3,275087
115,4,94306
115,5,74212
115,6,207239
115,7,163443
115,8,93189
115,9,107844
115,postquiz,41261
116,instructions,694126
116,prequiz,90280
116,0,754831
116,1,508410
116,2,280798
116,3,1041232
116,4,439545
116,5,577879
116,6,155411
116,7,175916
116,8,127304
116,9,540176
116,postquiz,119121
117,instructions,686449
117,prequiz,309940
117,0,580522
117,1,376578
117,2,165417
117,3,245919
117,4,126351
117,5,233055
117,6,129184
117,7,109320
117,8,92192
117,9,68920
117,postquiz,60945
118,instructions,368809
118,prequiz,348875
118,0,723979
118,1,219072
118,2,178246
118,3,123208
118,4,212120
118,5,136376
118,6,225485
118,7,110500
118,8,124551
118,9,110020
118,postquiz,43853
119,instructions,161211
119,prequiz,9236
119,0,81222
119,1,146531
119,2,275931
119,3,76170
119,4,86523
119,5,250559
119,6,155089
119,7,250680
119,8,140811
119,9,158624
119,postquiz,81375
120,instructions,274641
120,prequiz,36517
120,0,301625
120,1,103968
120,2,114727
120,3,72647
120,4,74202
120,5,144063
120,6,100169
120,7,64111
120,8,57922
120,9,144976
120,postquiz,53928
121,instructions,1019429
121,prequiz,851005
121,0,721960
121,1,608326
121,2,606840
121,3,191004
121,4,262331
121,5,316993
121,6,504230
121,7,425979
121,8,45921
121,9,243171
121,postquiz,87465
122,instructions,169466
122,prequiz,51853
122,0,751528
122,1,193973
122,2,252064
122,3,316289
122,4,189606
122,5,195963
122,6,223149
122,7,118649
122,8,143040
122,9,122077
122,postquiz,42185
123,instructions,997075
123,prequiz,333132
123,0,1340968
123,1,917808
123,2,241198
123,3,514243
123,4,528390
123,5,341357
123,6,870724
123,7,613943
123,8,151627
123,9,444071
123,postquiz,99986
124,instructions,632694
124,prequiz,38380
124,0,3487895
124,1,109436
124,2,94185
124,3,132211
124,4,49340
124,5,139747
124,6,135779
124,7,174858
124,8,139380
124,9,82521
124,postquiz,17224
125,instructions,260166
125,prequiz,33114
125,0,138670
125,1,210536
125,2,243343
125,3,108704
125,4,155608
125,5,288847
125,6,176104
125,7,300631
125,8,260792
125,9,537996
125,postquiz,200931
126,instructions,61041
126,prequiz,99511
126,0,454014
126,1,328739
126,2,165540
126,3,483446
126,4,462092
126,5,487162
126,6,569211
126,7,150768
126,8,146504
126,9,187653
126,postquiz,234533
127,instructions,281248
127,prequiz,278887
127,0,499708
127,1,143674
127,2,135097
127,3,154537
127,4,163606
127,5,134136
127,6,123481
127,7,136389
127,8,112220
127,9,100288
127,postquiz,29858
128,instructions,275858
128,prequiz,275435
128,0,154476
128,1,120166
128,2,72640
128,3,135960
128,4,115995
128,5,172235
128,6,85619
128,7,92929
128,8,175264
128,9,91707
128,postquiz,75378
129,instructions,277126
129,prequiz,40642
129,0,396279
129,1,358576
129,2,766759
129,3,241498
129,4,84606
129,5,406624
129,6,303560
129,7,231009
129,8,552262
129,9,184613
129,postquiz,107779
130,instructions,239448
130,prequiz,77601
130,0,854691
130,1,721878
130,2,820177
130,3,152535
130,4,125995
130,5,682144
130,6,120888
130,7,89921
130,8,324583
130,9,145157
130,postquiz,81576
131,instructions,3488
131,prequiz,5917
131,0,251393
131,1,217646
131,2,179912
131,3,166654
131,4,302196
131,5,233968
131,6,100583
131,7,137519
131,8,186816
131,9,31467
131,postquiz,28480
132,instructions,650525
132,prequiz,894798
132,0,164305
132,1,302562
132,2,157087
132,3,384882
132,4,572564
132,5,366840
132,6,307869
132,7,203926
132,8,237388
132,9,221673
132,postquiz,771865
133,instructions,157863
133,prequiz,16509
133,0,270745
133,1,406474
133,2,235756
133,3,83332
133,4,171536
133,5,387919
133,6,533450
133,7,361440
133,8,178732
133,9,1185944
133,postquiz,56705
134,instructions,236547
134,prequiz,17861
134,0,359471
134,1,312408
134,2,199563
134,3,208614
134,4,476842
134,5,136227
134,6,253730
134,7,239969
134,8,236668
134,9,193531
134,postquiz,79225
135,instructions,506623
135,prequiz,38021
135,0,1233050
135,1,557751
135,2,362916
135,3,151840
135,4,262023
135,5,201979
135,6,805811
135,7,623938
135,8,617354
135,9,322581
135,postquiz,332391
136,instructions,346284
136,prequiz,49440
136,0,291731
136,1,255717
136,2,311788
136,3,682782
136,4,253685
136,5,171994
136,6,184595
136,7,200315
136,8,141808
136,9,182917
136,postquiz,35114
137,instructions,185094
137,prequiz,9187
137,0,190595
137,1,176024
137,2,197510
137,3,163475
137,4,126819
137,5,92800
137,6,304196
137,7,232428
137,8,104596
137,9,244602
137,postquiz,37395
138,instructions,118943
138,prequiz,96816
138,0,434093
138,1,274780
138,2,1195564
138,3,159772
138,4,162460
138,5,714100
138,6,360320
138,7,269170
138,8,265733
138,9,65252
138,postquiz,46508
139,instructions,149675
139,prequiz,16360
139,0,275903
139,1,248303
139,2,262616
139,3,166479
139,4,158620
139,5,245564
139,6,380735
139,7,137104
139,8,150824
139,9,136705
139,postquiz,38240
140,instructions,79160
140,prequiz,27393
140,0,284131
140,1,323707
140,2,155868
140,3,79894
140,4,409526
140,5,166337
140,6,97026
140,7,42760
140,8,86897
140,9,67267
140,postquiz,35896
141,instructions,1585884
141,prequiz,1341587
141,0,851206
141,1,659307
141,2,304259
141,3,695277
141,4,228880
141,5,144442
141,6,726365
141,7,643088
141,8,164769
141,9,410964
141,postquiz,68815
142,instructions,744413
142,prequiz,706672
142,0,544265
142,1,207267
142,2,143892
142,3,205223
142,4,190024
142,5,1413401
142,6,395172
142,7,113928
142,8,155535
142,9,155631
142,postquiz,33028
143,instructions,1162608
143,prequiz,751766
143,0,343376
143,1,979864
143,2,3966332
143,3,176324
143,4,591848
143,5,296486
143,6,249541
143,7,177164
143,8,208144
143,9,254736
143,postquiz,49692
144,instructions,829709
144,prequiz,63876
144,0,714113
144,1,421501
144,2,66321
144,3,311151
144,4,158642
144,5,113027
144,6,291008
144,7,94349
144,8,70487
144,9,148432
144,postquiz,20595
145,instructions,206245
145,prequiz,41382
145,0,184336
145,1,92780
145,2,94152
145,3,115932
145,4,164914
145,5,289791
145,6,279333
145,7,447992
145,8,142423
145,9,359066
145,postquiz,40006
146,instructions,1792960
146,prequiz,15118
146,0,376447
146,1,127519
146,2,240848
146,3,173079
146,4,390844
146,5,117759
146,6,77675
146,7,73043
146,8,80959
146,9,68128
146,postquiz,56191
147,instructions,218305
147,prequiz,234829
147,0,308196
147,1,223152
147,2,157689
147,3,90554
147,4,86775
147,5,129584
147,6,248283
147,7,441720
147,8,170331
147,9,195134
147,postquiz,37587
148,instructions,420504
148,prequiz,411782
148,0,106777
148,1,87701
148,2,102120
148,3,93499
148,4,103880
148,5,68540
148,6,83448
148,7,59372
148,8,81540
148,9,73053
148,postquiz,113988
149,instructions,768926
149,prequiz,471679
149,0,559229
149,1,469496
149,2,551318
149,3,379989
149,4,281817
149,5,176400
149,6,1083973
149,7,470625
149,8,77224
149,9,985707
149,postquiz,84884
150,instructions,72650
150,prequiz,138160
150,0,199917
150,1,192920
150,2,198682
150,3,168693
150,4,127502
150,5,141697
150,6,87836
150,7,128968
150,8,81002
150,9,99618
150,postquiz,30008
151,instructions,83818
151,prequiz,29630
151,0,1012135
151,1,652334
151,2,1099086
151,3,431624
151,4,905774
151,5,497173
151,6,932469
151,7,546443
151,8,278196
151,9,431161
151,postquiz,185576
152,instructions,264756
152,prequiz,33995
152,0,269858
152,1,168335
152,2,117822
152,3,1169621
152,4,196485
152,5,181598
152,6,1310629
152,7,185825
152,8,189433
152,9,396168
152,postquiz,170815
153,instructions,253498
153,prequiz,96066
153,0,425829
153,1,392051
153,2,357304
153,3,152300
153,4,198232
153,5,281466
153,6,566508
153,7,253691
153,8,268351
153,9,276438
153,postquiz,120881
154,instructions,819675
154,prequiz,765534
154,0,465865
154,1,336992
154,2,439992
154,3,239337
154,4,235481
154,5,78842
154,6,160506
154,7,146570
154,8,119772
154,9,107365
154,postquiz,59432
155,instructions,455192
155,prequiz,31570
155,0,243941
155,1,542395
155,2,344297
155,3,166005
155,4,520547
155,5,301877
155,6,148009
155,7,169037
155,8,268930
155,9,708613
155,postquiz,47468
156,instructions,261124
156,prequiz,46554
156,0,558707
156,1,357608
156,2,546843
156,3,586603
156,4,311878
156,5,253266
156,6,278136
156,7,226731
156,8,143103
156,9,241870
156,postquiz,102373
157,instructions,3855241
157,prequiz,128350
157,0,690134
157,1,310008
157,2,354791
157,3,347773
157,4,62837
157,5,543190
157,6,255730
157,7,382568
157,8,368216
157,9,359201
157,postquiz,60116
158,instructions,571736
158,prequiz,77631
158,0,1561046
158,1,2155995
158,2,1357814
158,3,234639
158,4,404195
158,5,514464
158,6,240130
158,7,368273
158,8,233184
158,9,837534
158,postquiz,99359
159,instructions,77052
159,prequiz,34048
159,0,436817
159,1,287623
159,2,200967
159,3,242308
159,4,296967
159,5,199349
159,6,203600
159,7,238564
159,8,174921
159,9,342423
159,postquiz,280229
160,instructions,698512
160,prequiz,49746
160,0,1045185
160,1,457510
160,2,516198
160,3,417350
160,4,231880
160,5,1208261
160,6,95492
160,7,143500
160,8,134852
160,9,155149
160,postquiz,36491
161,instructions,905901
161,prequiz,85399
161,0,435471
161,1,218003
161,2,234307
161,3,141130
161,4,171561
161,5,148744
161,6,132819
161,7,159396
161,8,148182
161,9,129866
161,postquiz,62162
162,instructions,121628
162,prequiz,52934
162,0,257778
162,1,332076
162,2,65658
162,3,149907
162,4,203900
162,5,245053
162,6,573360
162,7,446513
162,8,260677
162,9,304254
162,postquiz,110509
163,instructions,61761
163,prequiz,13584
163,0,46790
163,1,320817
163,2,89087
163,3,271689
163,4,287023
163,5,150736
163,6,131401
163,7,170646
163,8,1164904
163,9,467326
163,postquiz,80045
164,instructions,5546
164,prequiz,6424
164,0,164763
164,1,175030
164,2,162807
164,3,107944
164,4,122447
164,5,113239
164,6,69624
164,7,165303
164,8,233358
164,9,171258
164,postquiz,39234
165,instructions,37565
165,prequiz,20160
165,0,103075
165,1,191377
165,2,97376
165,3,159434
165,4,69966
165,5,95016
165,6,123000
165,7,135247
165,8,44921
165,9,91501
165,postquiz,30947
166,instructions,735775
166,prequiz,2115965
166,0,707934
166,1,271280
166,2,384530
166,3,956353
166,4,541557
166,5,258249
166,6,377980
166,7,310150
166,8,818964
166,9,500823
166,postquiz,245418
167,instructions,729017
167,prequiz,324862
167,0,572168
167,1,322040
167,2,725071
167,3,858995
167,4,203909
167,5,332914
167,6,303953
167,7,283019
167,8,327791
167,9,310291
167,postquiz,59674
168,instructions,781986
168,prequiz,778610
168,0,251765
168,1,111464
168,2,285539
168,3,354158
168,4,333411
168,5,237712
168,6,287884
168,7,331523
168,8,406193
168,9,543664
168,postquiz,179385
169,instructions,246765
169,prequiz,156428
169,0,849069
169,1,287122
169,2,224753
169,3,660750
169,4,499191
169,5,434964
169,6,254251
169,7,328224
169,8,1075450
169,9,75275
169,postquiz,56054
170,instructions,103056
170,prequiz,12916
170,0,191111
170,1,106390
170,2,277943
170,3,208769
170,4,233215
170,5,123746
170,6,161589
170,7,124965
170,8,199147
170,9,151948
170,postquiz,48220
171,instructions,1640182
171,prequiz,5835
171,0,986315
171,1,130542
171,2,84945
171,3,99679
171,4,112649
171,5,69171
171,6,58402
171,7,76351
171,8,81449
171,9,89129
171,postquiz,35679
172,instructions,333663
172,prequiz,179968
172,0,291247
172,1,182984
172,2,229146
172,3,181656
172,4,123303
172,5,134514
172,6,137608
172,7,227547
172,8,97778
172,9,190488
172,postquiz,57454
173,instructions,390944
173,prequiz,24035
173,0,109486
173,1,88109
173,2,164498
173,3,128893
173,4,110167
173,5,531111
173,6,99825
173,7,175713
173,8,574382
173,9,57649
173,postquiz,112677
174,instructions,210482
174,prequiz,37270
174,0,255633
174,1,262636
174,2,268471
174,3,180181
174,4,174227
174,5,102409
174,6,199555
174,7,193748
174,8,61690
174,9,188834
174,postquiz,69271
175,instructions,35758
175,prequiz,21588
175,0,241466
175,1,140054
175,2,107954
175,3,193805
175,4,96258
175,5,189482
175,6,126241
175,7,122139
175,8,185738
175,9,283283
175,postquiz,44273
176,instructions,37346
176,prequiz,63887
176,0,815059
176,1,216893
176,2,219599
176,3,293424
176,4,363306
176,5,217423
176,6,259837
176,7,292152
176,8,156062
176,9,117894
176,postquiz,59685
177,instructions,1228500
177,prequiz,1173497
177,0,1304787
177,1,124898
177,2,275254
177,3,186170
177,4,257998
177,5,231687
177,6,193112
177,7,97505
177,8,95042
177,9,127068
177,postquiz,79335
178,instructions,184786
178,prequiz,25541
178,0,185636
178,1,336979
178,2,94302
178,3,171479
178,4,353709
178,5,180226
178,6,299468
178,7,474955
178,8,474799
178,9,194215
178,postquiz,27460
179,instructions,149209
179,prequiz,6113
179,0,529821
179,1,1034159
179,2,775939
179,3,926454
179,4,1311092
179,5,189043
179,6,384476
179,7,530884
179,8,128501
179,9,81354
179,postquiz,71283
180,instructions,1320255
180,prequiz,231970
180,0,844702
180,1,460393
180,2,226911
180,3,267597
180,4,615873
180,5,190427
180,6,215515
180,7,378001
180,8,197134
180,9,188009
180,postquiz,196532
181,instructions,257394
181,prequiz,31520
181,0,308675
181,1,515289
181,2,238033
181,3,270832
181,4,193524
181,5,62434
181,6,166928
181,7,213207
181,8,57297
181,9,213543
181,postquiz,31607
182,instructions,309584
182,prequiz,391872
182,0,350736
182,1,224144
182,2,475246
182,3,276859
182,4,164697
182,5,130550
182,6,171256
182,7,198652
182,8,247437
182,9,253012
182,postquiz,57444
183,instructions,102172
183,prequiz,241148
183,0,1085158
183,1,305326
183,2,653631
183,3,425072
183,4,314390
183,5,597474
183,6,235458
183,7,101050
183,8,144410
183,9,60611
183,postquiz,65788
184,instructions,377321
184,prequiz,183168
184,0,1426152
184,1,466148
184,2,214807
184,3,315984
184,4,292602
184,5,422598
184,6,262177
184,7,575352
184,8,168367
184,9,194097
184,postquiz,40096
185,instructions,399768
185,prequiz,309733
185,0,159397
185,1,342447
185,2,154775
185,3,176591
185,4,163425
185,5,166926
185,6,207546
185,7,216017
185,8,132151
185,9,133946
185,postquiz,23774
186,instructions,61299
186,prequiz,11171
186,0,340437
186,1,229977
186,2,415576
186,3,173863
186,4,433642
186,5,175828
186,6,198118
186,7,451058
186,8,155723
186,9,79293
186,postquiz,1507836
187,instructions,371553
187,prequiz,209219
187,0,486690
187,1,755278
187,2,258495
187,3,929690
187,4,448141
187,5,439494
187,6,529433
187,7,730041
187,8,2606065
187,9,531292
187,postquiz,104763
188,instructions,397613
188,prequiz,34841
188,0,237521
188,1,77384
188,2,88281
188,3,65720
188,4,55248
188,5,54888
188,6,54329
188,7,58240
188,8,86832
188,9,49658
188,postquiz,19782
189,instructions,1908557
189,prequiz,1359607
189,0,2886632
189,1,693930
189,2,177355
189,3,777908
189,4,287978
189,5,147511
189,6,174680
189,7,101463
189,8,172214
189,9,240167
189,postquiz,73162
190,instructions,323632
190,prequiz,73741
190,0,524474
190,1,264142
190,2,468675
190,3,117040
190,4,136580
190,5,342420
190,6,167725
190,7,166061
190,8,540396
190,9,889786
190,postquiz,81967
191,instructions,148009
191,prequiz,212508
191,0,1169383
191,1,2569280
191,2,463505
191,3,677579
191,4,283693
191,5,758264
191,6,111727
191,7,176549
191,8,381286
191,9,227241
191,postquiz,138148
192,instructions,149180
192,prequiz,28902
192,0,318470
192,1,602757
192,2,471592
192,3,334582
192,4,265030
192,5,1973715
192,6,643186
192,7,252022
192,8,257122
192,9,205610
192,postquiz,66852
193,instructions,172948
193,prequiz,24715
193,0,1251053
193,1,1966414
193,2,264142
193,3,529304
193,4,40800
193,5,212782
193,6,347198
193,7,322796
193,8,540777
193,9,427426
193,postquiz,162296
194,instructions,8618
194,prequiz,6424
194,0,75812
194,1,74128
194,2,107541
194,3,169274
194,4,69966
194,5,141663
194,6,73664
194,7,71257
194,8,69273
194,9,61139
194,postquiz,29352
195,instructions,72979
195,prequiz,46706
195,0,805725
195,1,230732
195,2,441486
195,3,203253
195,4,167729
195,5,386112
195,6,194940
195,7,430037
195,8,160432
195,9,169365
195,postquiz,23221
196,instructions,95848
196,prequiz,21967
196,0,328143
196,1,327084
196,2,148343
196,3,192252
196,4,668415
196,5,361271
196,6,206013
196,7,112553
196,8,105499
196,9,144960
196,postquiz,50286
197,instructions,263633
197,prequiz,25632
197,0,266789
197,1,214936
197,2,122493
197,3,761581
197,4,1285350
197,5,1388926
197,6,204663
197,7,355968
197,8,638798
197,9,391967
197,postquiz,51693
198,instructions,189364
198,prequiz,27389
198,0,355875
198,1,247694
198,2,225626
198,3,187592
198,4,55707
198,5,129345
198,6,297715
198,7,113326
198,8,117727
198,9,466366
198,postquiz,155678
199,instructions,191060
199,prequiz,26028
199,0,230830
199,1,256383
199,2,649552
199,3,201642
199,4,521724
199,5,246651
199,6,293945
199,7,163334
199,8,134223
199,9,147294
199,postquiz,36042
200,instructions,2808502
200,prequiz,2283140
200,0,221223
200,1,916878
200,2,196374
200,3,324649
200,4,183112
200,5,239070
200,6,143039
200,7,200890
200,8,135940
200,9,199866
200,postquiz,25135
201,instructions,2168840
201,prequiz,7324
201,0,205731
201,1,150119
201,2,115486
201,3,122633
201,4,246694
201,5,118780
201,6,1549504
201,7,106260
201,8,94859
201,9,72293
201,postquiz,88059
202,instructions,6613
202,prequiz,7006
202,0,290941
202,1,87760
202,2,83341
202,3,77922
202,4,77597
202,5,64472
202,6,88776
202,7,129068
202,8,108659
202,9,107555
202,postquiz,43307
203,instructions,151026
203,prequiz,195360
203,0,563550
203,1,493833
203,2,411807
203,3,373494
203,4,1067271
203,5,86026
203,6,222654
203,7,102403
203,8,67888
203,9,59374
203,postquiz,67775
204,instructions,243224
204,prequiz,236533
204,0,340411
204,1,313951
204,2,266232
204,3,187644
204,4,148791
204,5,155130
204,6,105929
204,7,224654
204,8,201169
204,9,187771
204,postquiz,93288
205,instructions,9077
205,prequiz,11440
205,0,139007
205,1,163662
205,2,102605
205,3,102754
205,4,53270
205,5,66856
205,6,123248
205,7,68203
205,8,72918
205,9,53460
205,postquiz,50788
206,instructions,34626
206,prequiz,599866
206,0,240897
206,1,1281196
206,2,283682
206,3,219941
206,4,177030
206,5,180168
206,6,223839
206,7,273903
206,8,193279
206,9,163665
206,postquiz,55273
207,instructions,154716
207,prequiz,28592
207,0,461511
207,1,119391
207,2,455833
207,3,80775
207,4,132943
207,5,687694
207,6,176987
207,7,65558
207,8,181887
207,9,69244
207,postquiz,40369
208,instructions,203816
208,prequiz,111397
208,0,811593
208,1,554150
208,2,248293
208,3,258327
208,4,359365
208,5,117078
208,6,287228
208,7,251003
208,8,127719
208,9,504121
208,postquiz,57002
209,instructions,203121
209,prequiz,188875
209,0,636559
209,1,576810
209,2,483977
209,3,421848
209,4,429647
209,5,269313
209,6,233201
209,7,185679
209,8,265367
209,9,177111
209,postquiz,19210
210,instructions,316378
210,prequiz,193629
210,0,259060
210,1,98122
210,2,631407
210,3,166220
210,4,175714
210,5,156394
210,6,274596
210,7,239640
210,8,433890
210,9,239599
210,postquiz,45237
211,instructions,8538
211,prequiz,9183
211,0,2178314
211,1,568088
211,2,1676859
211,3,519550
211,4,1060684
211,5,901219
211,6,231932
211,7,790023
211,8,619323
211,9,180415
211,postquiz,149790
212,instructions,277455
212,prequiz,25113
212,0,345919
212,1,155038
212,2,226364
212,3,350210
212,4,202460
212,5,135594
212,6,295237
212,7,260060
212,8,176355
212,9,125828
212,postquiz,32892
213,instructions,710245
213,prequiz,83711
213,0,604677
213,1,614121
213,2,447348
213,3,144580
213,4,177627
213,5,276906
213,6,525422
213,7,201950
213,8,174503
213,9,319461
213,postquiz,55874
214,instructions,432537
214,prequiz,22154
214,0,911195
214,1,2178060
214,2,344222
214,3,158333
214,4,675568
214,5,443941
214,6,596144
214,7,808986
214,8,283052
214,9,542138
214,postquiz,51293
215,instructions,1362243
215,prequiz,45830
215,0,794425
215,1,498918
215,2,286347
215,3,628007
215,4,305418
215,5,495561
215,6,114431
215,7,342901
215,8,194470
215,9,272863
215,postquiz,24325
216,instructions,21073
216,prequiz,34804
216,0,332631
216,1,383533
216,2,392063
216,3,191655
216,4,215471
216,5,143099
216,6,150011
216,7,152043
216,8,146667
216,9,127188
216,postquiz,49319
217,instructions,220162
217,prequiz,178552
217,0,190231
217,1,150676
217,2,264010
217,3,277626
217,4,176284
217,5,99502
217,6,81153
217,7,130270
217,8,80574
217,9,95301
217,postquiz,43988
218,instructions,1742358
218,prequiz,1149448
218,0,1324112
218,1,689936
218,2,654305
218,3,381816
218,4,139614
218,5,200893
218,6,710501
218,7,423269
218,8,136286
218,9,291644
218,postquiz,54101
219,instructions,156229
219,prequiz,28105
219,0,481123
219,1,751664
219,2,736783
219,3,232243
219,4,142669
219,5,569451
219,6,231363
219,7,411792
219,8,278979
219,9,313854
219,postquiz,96322
220,instructions,198302
220,prequiz,71460
220,0,486978
220,1,328550
220,2,205858
220,3,347243
220,4,236822
220,5,122362
220,6,230886
220,7,183883
220,8,402977
220,9,136524
220,postquiz,55082
221,instructions,474622
221,prequiz,556020
221,0,566833
221,1,673996
221,2,485963
221,3,459869
221,4,266112
221,5,350550
221,6,483148
221,7,327595
221,8,129769
221,9,175826
221,postquiz,37931
222,instructions,799113
222,prequiz,443266
222,0,744040
222,1,316281
222,2,408691
222,3,621002
222,4,472689
222,5,290725
222,6,356555
222,7,567972
222,8,240679
222,9,377863
222,postquiz,86268
223,instructions,236762
223,prequiz,28910
223,0,578768
223,1,362474
223,2,567353
223,3,611008
223,4,217258
223,5,772731
223,6,398248
223,7,175755
223,8,204003
223,9,166904
223,postquiz,46253
224,instructions,278595
224,prequiz,206220
224,0,383811
224,1,417257
224,2,913384
224,3,558686
224,4,1019917
224,5,1120294
224,6,127807
224,7,54573
224,8,129937
224,9,92088
224,postquiz,73389
225,instructions,9565
225,prequiz,8441
225,0,351699
225,1,297463
225,2,256935
225,3,243919
225,4,207978
225,5,263051
225,6,321085
225,7,358192
225,8,241351
225,9,62923
225,postquiz,37038
226,instructions,54932
226,prequiz,54196
226,0,3012415
226,1,244082
226,2,179344
226,3,91121
226,4,555701
226,5,418205
226,6,202378
226,7,93494
226,8,480124
226,9,210018
226,postquiz,65750
227,instructions,432938
227,prequiz,113420
227,0,253460
227,1,766157
227,2,438298
227,3,1024365
227,4,114504
227,5,349122
227,6,47889
227,7,124273
227,8,667120
227,9,514632
227,postquiz,341708
228,instructions,189922
228,prequiz,49275
228,0,573404
228,1,198911
228,2,332147
228,3,131282
228,4,394953
228,5,307938
228,6,143852
228,7,274757
228,8,406935
228,9,59847
228,postquiz,93653
229,instructions,285362
229,prequiz,23307
229,0,132700
229,1,134746
229,2,184457
229,3,100984
229,4,267314
229,5,121046
229,6,163303
229,7,92356
229,8,265161
229,9,116252
229,postquiz,33726
230,instructions,113623
230,prequiz,20816
230,0,403915
230,1,365207
230,2,177352
230,3,448648
230,4,74502
230,5,321279
230,6,305185
230,7,361054
230,8,334399
230,9,386183
230,postquiz,29465
231,instructions,300863
231,prequiz,119451
231,0,258404
231,1,400667
231,2,971831
231,3,519254
231,4,974178
231,5,317343
231,6,72663
231,7,564363
231,8,114315
231,9,497478
231,postquiz,50403
232,instructions,106057
232,prequiz,19721
232,0,1386399
232,1,853186
232,2,197579
232,3,498192
232,4,294750
232,5,397708
232,6,400597
232,7,763803
232,8,258255
232,9,117845
232,postquiz,42784
233,instructions,267775
233,prequiz,31101
233,0,208401
233,1,356595
233,2,671172
233,3,256734
233,4,600652
233,5,163439
233,6,535590
233,7,238666
233,8,143358
233,9,480192
233,postquiz,78262
234,instructions,496979
234,prequiz,228227
234,0,273082
234,1,301490
234,2,544932
234,3,326009
234,4,251170
234,5,333949
234,6,337516
234,7,522801
234,8,99601
234,9,350493
234,postquiz,155827
235,instructions,362962
235,prequiz,51586
235,0,505382
235,1,720680
235,2,244832
235,3,475735
235,4,405456
235,5,692190
235,6,379441
235,7,416807
235,8,553511
235,9,1417513
235,postquiz,86478
236,instructions,116582
236,prequiz,94924
236,0,353215
236,1,86058
236,2,201430
236,3,268086
236,4,658794
236,5,94499
236,6,76960
236,7,75048
236,8,81270
236,9,78799
236,postquiz,33427
237,instructions,3320537
237,prequiz,22178
237,0,408814
237,1,352172
237,2,126452
237,3,166331
237,4,221871
237,5,75317
237,6,214683
237,7,371792
237,8,86860
237,9,135617
237,postquiz,60618
238,instructions,212766
238,prequiz,27677
238,0,397868
238,1,173895
238,2,230609
238,3,298256
238,4,397599
238,5,1076065
238,6,391104
238,7,297072
238,8,626887
238,9,292808
238,postquiz,46456
239,instructions,491524
239,prequiz,388156
239,0,159684
239,1,194881
239,2,65502
239,3,191877
239,4,281350
239,5,153158
239,6,77903
239,7,69057
239,8,286075
239,9,212442
239,postquiz,47495
240,instructions,463363
240,prequiz,68695
240,0,562917
240,1,167074
240,2,539818
240,3,277061
240,4,235699
240,5,255493
240,6,177390
240,7,688177
240,8,65651
240,9,728686
240,postquiz,30488
241,instructions,1052189
241,prequiz,813927
241,0,1770807
241,1,404511
241,2,895416
241,3,340556
241,4,447633
241,5,719335
241,6,1350281
241,7,189600
241,8,204560
241,9,536398
241,postquiz,267181
242,instructions,172884
242,prequiz,20792
242,0,448630
242,1,208152
242,2,242103
242,3,282802
242,4,132158
242,5,154792
242,6,180450
242,7,287637
242,8,136233
242,9,242265
242,postquiz,33664
243,instructions,348796
243,prequiz,17264
243,0,226112
243,1,184467
243,2,473040
243,3,130780
243,4,398354
243,5,244488
243,6,106668
243,7,1359058
243,8,204484
243,9,301608
243,postquiz,62828
244,instructions,364921
244,prequiz,31430
244,0,189761
244,1,364321
244,2,1243037
244,3,1074697
244,4,530219
244,5,1481347
244,6,931401
244,7,591012
244,8,1143507
244,9,235721
244,postquiz,283664
245,instructions,536857
245,prequiz,41380
245,0,739661
245,1,372942
245,2,521578
245,3,648731
245,4,124124
245,5,201775
245,6,373130
245,7,165989
245,8,317617
245,9,225271
245,postquiz,102605
246,instructions,460343
246,prequiz,144207
246,0,642977
246,1,639398
246,2,589754
246,3,771356
246,4,1066248
246,5,1495612
246,6,440519
246,7,248578
246,8,179032
246,9,198955
246,postquiz,78530
247,instructions,959036
247,prequiz,444725
247,0,1252573
247,1,252643
247,2,318946
247,3,292000
247,4,218924
247,5,452278
247,6,596613
247,7,168605
247,8,187281
247,9,148085
247,postquiz,79804
248,instructions,1190508
248,prequiz,92113
248,0,413918
248,1,722293
248,2,220662
248,3,154915
248,4,155485
248,5,511383
248,6,252770
248,7,350889
248,8,213175
248,9,274409
248,postquiz,91261
249,instructions,136586
249,prequiz,59813
249,0,298570
249,1,531264
249,2,147310
249,3,513013
249,4,414063
249,5,204750
249,6,256022
249,7,487754
249,8,348665
249,9,101087
249,postquiz,89514
250,instructions,255233
250,prequiz,36547
250,0,229989
250,1,470569
250,2,95975
250,3,108841
250,4,391187
250,5,142503
250,6,181666
250,7,90260
250,8,360211
250,9,223060
250,postquiz,40377
251,instructions,403932
251,prequiz,355521
251,0,318594
251,1,99327
251,2,71309
251,3,87869
251,4,70757
251,5,132623
251,6,97905
251,7,105176
251,8,69341
251,9,79119
251,postquiz,60824
252,instructions,304100
252,prequiz,48610
252,0,485742
252,1,508183
252,2,253579
252,3,178826
252,4,84460
252,5,476916
252,6,87011
252,7,926141
252,8,401403
252,9,401211
252,postquiz,77775
253,instructions,58011
253,prequiz,17596
253,0,276678
253,1,6305042
253,2,478242
253,3,513812
253,4,177718
253,5,288384
253,6,746899
253,7,77170
253,8,94208
253,9,114524
253,postquiz,36467
254,instructions,29473
254,prequiz,169751
254,0,439532
254,1,384044
254,2,141011
254,3,66687
254,4,239817
254,5,175182
254,6,128115
254,7,189657
254,8,106474
254,9,201357
254,postquiz,77142
255,instructions,330402
255,prequiz,80492
255,0,252003
255,1,569512
255,2,397750
255,3,857105
255,4,205212
255,5,146909
255,6,230220
255,7,633445
255,8,588499
255,9,578756
255,postquiz,59980
256,instructions,121776
256,prequiz,26906
256,0,432742
256,1,364367
256,2,543966
256,3,415846
256,4,358090
256,5,466228
256,6,345678
256,7,339736
256,8,79907
256,9,438361
256,postquiz,105840
257,instructions,180871
257,prequiz,13842
257,0,386713
257,1,246237
257,2,282033
257,3,128088
257,4,253956
257,5,173236
257,6,135369
257,7,277399
257,8,182471
257,9,159279
257,postquiz,121826
258,instructions,1760756
258,prequiz,1222178
258,0,1151317
258,1,291661
258,2,450224
258,3,337114
258,4,328989
258,5,166119
258,6,145898
258,7,333960
258,8,379954
258,9,187498
258,postquiz,74360
259,instructions,265223
259,prequiz,81631
259,0,1734219
259,1,279148
259,2,262255
259,3,737661
259,4,751846
259,5,191509
259,6,135044
259,7,159581
259,8,269582
259,9,306483
259,postquiz,35778
260,instructions,199082
260,prequiz,44116
260,0,491760
260,1,331796
260,2,1404240
260,3,1523868
260,4,318861
260,5,157024
260,6,426730
260,7,709909
260,8,355050
260,9,257106
260,postquiz,36083
261,instructions,578116
261,prequiz,74135
261,0,323700
261,1,542584
261,2,1424335
261,3,312207
261,4,991065
261,5,751177
261,6,431827
261,7,619952
261,8,219228
261,9,336473
261,postquiz,32611
262,instructions,271209
262,prequiz,43658
262,0,1141556
262,1,2446131
262,2,94375
262,3,168103
262,4,159393
262,5,135308
262,6,141518
262,7,240250
262,8,139689
262,9,164093
262,postquiz,38962
263,instructions,120035
263,prequiz,90614
263,0,907404
263,1,466951
263,2,524786
263,3,352397
263,4,232696
263,5,605515
263,6,666553
263,7,439604
263,8,926922
263,9,638261
263,postquiz,331948
264,instructions,1142559
264,prequiz,107604
264,0,302391
264,1,320026
264,2,635039
264,3,656925
264,4,366690
264,5,337673
264,6,292666
264,7,154370
264,8,93876
264,9,167900
264,postquiz,34645
265,instructions,1058157
265,prequiz,754986
265,0,235519
265,1,195573
265,2,145823
265,3,267768
265,4,55887
265,5,334097
265,6,276788
265,7,223887
265,8,249554
265,9,200039
265,postquiz,31634
266,instructions,46821
266,prequiz,20217
266,0,235972
266,1,164671
266,2,156235
266,3,190895
266,4,377260
266,5,129336
266,6,228003
266,7,158943
266,8,365884
266,9,404634
266,postquiz,44898
267,instructions,8127
267,prequiz,7314
267,0,417884
267,1,411528
267,2,206251
267,3,222904
267,4,426487
267,5,143417
267,6,182171
267,7,182198
267,8,326122
267,9,109997
267,postquiz,73939
268,instructions,1080779
268,prequiz,40969
268,0,989268
268,1,1534627
268,2,1768378
268,3,260611
268,4,837165
268,5,260464
268,6,324285
268,7,551137
268,8,845389
268,9,118424
268,postquiz,22752
269,instructions,700249
269,prequiz,161326
269,0,1410309
269,1,584765
269,2,1278047
269,3,926014
269,4,607219
269,5,234251
269,6,806017
269,7,1033155
269,8,806639
269,9,378394
269,postquiz,152171
270,instructions,240432
270,prequiz,40315
270,0,434927
270,1,371418
270,2,207422
270,3,159165
270,4,233721
270,5,70606
270,6,1002596
270,7,471571
270,8,911025
270,9,147977
270,postquiz,65176
271,instructions,506760
271,prequiz,232932
271,0,813564
271,1,515923
271,2,197947
271,3,333774
271,4,363700
271,5,317473
271,6,393921
271,7,551568
271,8,303260
271,9,371499
271,postquiz,90379
272,instructions,1289551
272,prequiz,120159
272,0,286198
272,1,129945
272,2,952775
272,3,1398808
272,4,39312
272,5,1096291
272,6,125057
272,7,39366
272,8,885943
272,9,64723
272,postquiz,38883
273,instructions,15193
273,prequiz,485073
273,0,1409218
273,1,344653
273,2,106423
273,3,57465
273,4,123430
273,5,62631
273,6,74432
273,7,98706
273,8,84981
273,9,89421
273,postquiz,37697
274,instructions,232540
274,prequiz,26090
274,0,395413
274,1,294889
274,2,690535
274,3,473962
274,4,474799
274,5,4337555
274,6,1061350
274,7,407248
274,8,261000
274,9,192240
274,postquiz,37056
275,instructions,146158
275,prequiz,74505
275,0,128574
275,1,80923
275,2,78077
275,3,82233
275,4,67804
275,5,98036
275,6,73975
275,7,71108
275,8,61928
275,9,62433
275,postquiz,66297
276,instructions,18985
276,prequiz,16884
276,0,799756
276,1,365042
276,2,361865
276,3,290999
276,4,241690
276,5,156086
276,6,372769
276,7,165745
276,8,208640
276,9,185728
276,postquiz,99213
277,instructions,434734
277,prequiz,400656
277,0,565950
277,1,671434
277,2,1059857
277,3,98390
277,4,318359
277,5,243077
277,6,306527
277,7,216115
277,8,247433
277,9,280746
277,postquiz,125639
278,instructions,252731
278,prequiz,232219
278,0,323562
278,1,152158
278,2,187789
278,3,142800
278,4,340817
278,5,132748
278,6,1495155
278,7,144694
278,8,167043
278,9,88223
278,postquiz,39173
279,instructions,11053
279,prequiz,8308
279,0,1518020
279,1,884250
279,2,283678
279,3,160634
279,4,117113
279,5,118388
279,6,123105
279,7,100219
279,8,226372
279,9,134452
279,postquiz,113025
280,instructions,5256
280,prequiz,20918
280,0,50521
280,1,56183
280,2,68385
280,3,52530
280,4,58515
280,5,64641
280,6,60639
280,7,60798
280,8,50014
280,9,56542
280,postquiz,134128
281,instructions,5961
281,prequiz,8582
281,0,58185
281,1,62443
281,2,99647
281,3,62724
281,4,65455
281,5,74284
281,6,73898
281,7,63057
281,8,66110
281,9,61431
281,postquiz,77341
282,instructions,788412
282,prequiz,1114983
282,0,519644
282,1,633520
282,2,399354
282,3,455953
282,4,440856
282,5,81548
282,6,137339
282,7,359022
282,8,273699
282,9,97510
282,postquiz,123793
283,instructions,534597
283,prequiz,25123
283,0,401403
283,1,147883
283,2,504318
283,3,83714
283,4,364267
283,5,375735
283,6,345882
283,7,403203
283,8,231505
283,9,112288
283,postquiz,164084
284,instructions,10684
284,prequiz,11741
284,0,358676
284,1,300287
284,2,171331
284,3,203242
284,4,169742
284,5,170840
284,6,152307
284,7,252532
284,8,212055
284,9,176012
284,postquiz,122182
285,instructions,360747
285,prequiz,18577
285,0,253556
285,1,301554
285,2,184956
285,3,343866
285,4,362700
285,5,175366
285,6,276356
285,7,134034
285,8,132795
285,9,69565
285,postquiz,69861
286,instructions,257601
286,prequiz,104805
286,0,593213
286,1,173016
286,2,196136
286,3,199057
286,4,179487
286,5,137760
286,6,131657
286,7,159695
286,8,145816
286,9,153247
286,postquiz,103125
287,instructions,773111
287,prequiz,799645
287,0,390876
287,1,342312
287,2,1002249
287,3,524160
287,4,892440
287,5,158759
287,6,274142
287,7,174100
287,8,2182780
287,9,223668
287,postquiz,80326
288,instructions,811747
288,prequiz,651333
288,0,134930
288,1,272052
288,2,202418
288,3,118466
288,4,185987
288,5,119422
288,6,84009
288,7,93325
288,8,126678
288,9,116329
288,postquiz,76681
289,instructions,416016
289,prequiz,76815
289,0,596212
289,1,470731
289,2,223088
289,3,560453
289,4,682131
289,5,993135
289,6,286209
289,7,369082
289,8,182113
289,9,374509
289,postquiz,41741
290,instructions,270204
290,prequiz,106849
290,0,327619
290,1,318073
290,2,277315
290,3,282982
290,4,198749
290,5,356021
290,6,267148
290,7,131580
290,8,152711
290,9,189709
290,postquiz,79441
291,instructions,1391829
291,prequiz,1130496
291,0,617002
291,1,312737
291,2,343102
291,3,237349
291,4,191083
291,5,115963
291,6,209398
291,7,167114
291,8,153747
291,9,87112
291,postquiz,222860
292,instructions,144287
292,prequiz,173808
292,0,528141
292,1,551784
292,2,783148
292,3,453011
292,4,351260
292,5,316873
292,6,268512
292,7,189891
292,8,288347
292,9,152508
292,postquiz,69405
293,instructions,286296
293,prequiz,31794
293,0,328077
293,1,1322971
293,2,517365
293,3,260870
293,4,1750730
293,5,221766
293,6,675854
293,7,244465
293,8,189650
293,9,426668
293,postquiz,116452
294,instructions,326510
294,prequiz,31139
294,0,724524
294,1,560339
294,2,918388
294,3,688894
294,4,677449
294,5,541981
294,6,638891
294,7,1746521
294,8,291372
294,9,253677
294,postquiz,96171
295,instructions,358094
295,prequiz,40918
295,0,217788
295,1,258480
295,2,395891
295,3,244803
295,4,89552
295,5,209184
295,6,146248
295,7,680398
295,8,319637
295,9,431899
295,postquiz,47046
296,instructions,216211
296,prequiz,39364
296,0,247023
296,1,258097
296,2,352764
296,3,324062
296,4,162658
296,5,384658
296,6,762387
296,7,752956
296,8,391344
296,9,84252
296,postquiz,63489
297,instructions,1751237
297,prequiz,1104364
297,0,442676
297,1,519141
297,2,604147
297,3,480439
297,4,351546
297,5,128747
297,6,415843
297,7,107945
297,8,139370
297,9,197019
297,postquiz,102651
298,instructions,558698
298,prequiz,57697
298,0,72364
298,1,467113
298,2,127696
298,3,272631
298,4,110491
298,5,117818
298,6,225246
298,7,40364
298,8,96801
298,9,82912
298,postquiz,57614
299,instructions,59325
299,prequiz,45717
299,0,588563
299,1,596993
299,2,652777
299,3,259531
299,4,771798
299,5,296240
299,6,616561
299,7,390634
299,8,370437
299,9,115231
299,postquiz,108319
300,instructions,124712
300,prequiz,17182
300,0,402023
300,1,135595
300,2,363476
300,3,96344
300,4,326186
300,5,167725
300,6,285127
300,7,243459
300,8,125511
300,9,51298
300,postquiz,30112
301,instructions,128825
301,prequiz,20852
301,0,250258
301,1,178909
301,2,387505
301,3,264202
301,4,576357
301,5,85040
301,6,360842
301,7,100491
301,8,30904
301,9,507287
301,postquiz,54085
302,instructions,719171
302,prequiz,706852
302,0,708180
302,1,417338
302,2,320735
302,3,238735
302,4,191322
302,5,303111
302,6,138446
302,7,99154
302,8,86337
302,9,95357
302,postquiz,141990
303,instructions,231641
303,prequiz,18588
303,0,275684
303,1,72809
303,2,202441
303,3,368221
303,4,112199
303,5,216682
303,6,55440
303,7,265704
303,8,318471
303,9,150494
303,postquiz,66942
304,instructions,264986
304,prequiz,20669
304,0,164544
304,1,476300
304,2,465647
304,3,109272
304,4,114048
304,5,134031
304,6,43713
304,7,121695
304,8,148833
304,9,174741
304,postquiz,21036
305,instructions,257922
305,prequiz,18557
305,0,446474
305,1,427637
305,2,110427
305,3,94474
305,4,232535
305,5,239030
305,6,142594
305,7,247702
305,8,309163
305,9,133796
305,postquiz,38188
306,instructions,66555
306,prequiz,67179
306,0,289925
306,1,391784
306,2,126287
306,3,139759
306,4,450577
306,5,354205
306,6,220010
306,7,337908
306,8,241195
306,9,305278
306,postquiz,96083
307,instructions,13070
307,prequiz,15739
307,0,87413
307,1,109087
307,2,84760
307,3,96317
307,4,109019
307,5,68971
307,6,82714
307,7,131555
307,8,72196
307,9,129581
307,postquiz,29073
308,instructions,887827
308,prequiz,673567
308,0,559329
308,1,326645
308,2,1042579
308,3,673911
308,4,320322
308,5,666011
308,6,746076
308,7,353681
308,8,576023
308,9,269507
308,postquiz,53305
309,instructions,7748
309,prequiz,8539
309,0,191789
309,1,156148
309,2,164691
309,3,139537
309,4,163100
309,5,61854
309,6,231278
309,7,680608
309,8,123427
309,9,60583
309,postquiz,37327
310,instructions,13342
310,prequiz,11163
310,0,159541
310,1,171358
310,2,199431
310,3,239725
310,4,404534
310,5,167134
310,6,164478
310,7,272127
310,8,236576
310,9,134862
310,postquiz,21233
311,instructions,263328
311,prequiz,24354
311,0,508869
311,1,392836
311,2,58712
311,3,266593
311,4,369926
311,5,874140
311,6,97788
311,7,174816
311,8,541573
311,9,125671
311,postquiz,139436
312,instructions,295331
312,prequiz,53681
312,0,631156
312,1,1324072
312,2,455341
312,3,397352
312,4,1378017
312,5,781868
312,6,270212
312,7,653043
312,8,629479
312,9,380565
312,postquiz,80757
313,instructions,750093
313,prequiz,60228
313,0,247819
313,1,242388
313,2,180859
313,3,210892
313,4,473084
313,5,525338
313,6,269402
313,7,88456
313,8,464903
313,9,242330
313,postquiz,75760
314,instructions,183843
314,prequiz,49371
314,0,793247
314,1,500726
314,2,120279
314,3,80506
314,4,732129
314,5,528646
314,6,461461
314,7,260365
314,8,238964
314,9,236945
314,postquiz,34478
315,instructions,620003
315,prequiz,58370
315,0,432135
315,1,656324
315,2,630830
315,3,393123
315,4,288676
315,5,493167
315,6,447735
315,7,396241
315,8,302678
315,9,466664
315,postquiz,106944
316,instructions,379504
316,prequiz,20412
316,0,798237
316,1,521461
316,2,272476
316,3,76451
316,4,464884
316,5,787739
316,6,120301
316,7,175550
316,8,316541
316,9,242380
316,postquiz,29032
317,instructions,966074
317,prequiz,779012
317,0,901937
317,1,316600
317,2,753293
317,3,377245
317,4,346518
317,5,214436
317,6,231855
317,7,219372
317,8,166619
317,9,221156
317,postquiz,107168
318,instructions,265653
318,prequiz,134335
318,0,247453
318,1,371008
318,2,596497
318,3,467481
318,4,1323515
318,5,320342
318,6,368408
318,7,197811
318,8,732832
318,9,348066
318,postquiz,104974
319,instructions,4626272
319,prequiz,14783
319,0,101881
319,1,108127
319,2,203988
319,3,130867
319,4,73765
319,5,86561
319,6,172285
319,7,110264
319,8,360261
319,9,214441
319,postquiz,41479
320,instructions,572829
320,prequiz,613348
320,0,197969
320,1,119699
320,2,125976
320,3,118161
320,4,121933
320,5,104322
320,6,116990
320,7,107149
320,8,108272
320,9,92890
320,postquiz,69991
321,instructions,205159
321,prequiz,198628
321,0,314104
321,1,443846
321,2,743405
321,3,932838
321,4,157772
321,5,672810
321,6,485874
321,7,516393
321,8,274729
321,9,866015
321,postquiz,120697
322,instructions,172909
322,prequiz,26369
322,0,209288
322,1,308318
322,2,236479
322,3,115207
322,4,194000
322,5,216063
322,6,247222
322,7,263400
322,8,268740
322,9,135362
322,postquiz,99604
323,instructions,34335
323,prequiz,495274
323,0,437111
323,1,230014
323,2,979090
323,3,381759
323,4,754193
323,5,162970
323,6,242430
323,7,160444
323,8,251536
323,9,186045
323,postquiz,47476
324,instructions,172924
324,prequiz,196865
324,0,340664
324,1,120253
324,2,86701
324,3,85896
324,4,74942
324,5,84898
324,6,68101
324,7,80228
324,8,68064
324,9,61929
324,postquiz,83234
325,instructions,172969
325,prequiz,20214
325,0,217994
325,1,202923
325,2,128016
325,3,196155
325,4,258558
325,5,167327
325,6,83318
325,7,87252
325,8,304610
325,9,315912
325,postquiz,73567
326,instructions,601125
326,prequiz,4499
326,0,4477187
326,1,317311
326,2,189952
326,3,188272
326,4,107929
326,5,171112
326,6,117331
326,7,140129
326,8,85154
326,9,123439
326,postquiz,16000
327,instructions,639632
327,prequiz,291711
327,0,803608
327,1,273777
327,2,240998
327,3,132547
327,4,204635
327,5,135826
327,6,148166
327,7,134402
327,8,316626
327,9,96457
327,postquiz,66934
328,instructions,252882
328,prequiz,60443
328,0,375125
328,1,158669
328,2,500291
328,3,286878
328,4,190113
328,5,216811
328,6,489557
328,7,151865
328,8,90902
328,9,100653
328,postquiz,32934
329,instructions,9693
329,prequiz,6452
329,0,3163623
329,1,138817
329,2,179111
329,3,120298
329,4,229428
329,5,53797
329,6,78458
329,7,71888
329,8,139450
329,9,135002
329,postquiz,45297
330,instructions,154730
330,prequiz,48894
330,0,230760
330,1,253748
330,2,149460
330,3,182401
330,4,126330
330,5,138903
330,6,131922
330,7,237185
330,8,101994
330,9,171342
330,postquiz,37398
331,instructions,1873
331,prequiz,24979
331,0,177210
331,1,101643
331,2,960267
331,3,482556
331,4,323269
331,5,63601
331,6,71536
331,7,75602
331,8,64651
331,9,85396
331,postquiz,46108
332,instructions,19563
332,prequiz,8633
332,0,630753
332,1,177119
332,2,124569
332,3,111464
332,4,63464
332,5,71288
332,6,122320
332,7,147792
332,8,79576
332,9,72140
332,postquiz,46150
333,instructions,480515
333,prequiz,258899
333,0,178237
333,1,105729
333,2,80606
333,3,187994
333,4,103585
333,5,82420
333,6,81760
333,7,168855
333,8,86561
333,9,148661
333,postquiz,42617
334,instructions,4329653
334,prequiz,26490
334,0,1109562
334,1,702809
334,2,129500
334,3,199499
334,4,240690
334,5,306438
334,6,238063
334,7,166375
334,8,54685
334,9,99521
334,postquiz,29918
335,instructions,152190
335,prequiz,23309
335,0,287086
335,1,195605
335,2,369602
335,3,167166
335,4,282921
335,5,191564
335,6,259434
335,7,217397
335,8,341754
335,9,655821
335,postquiz,68980
336,instructions,1892953
336,prequiz,1633997
336,0,474123
336,1,546797
336,2,345315
336,3,323118
336,4,205507
336,5,296486
336,6,329208
336,7,334503
336,8,105434
336,9,118524
336,postquiz,137600
337,instructions,259482
337,prequiz,25074
337,0,131783
337,1,529322
337,2,168636
337,3,1014872
337,4,538969
337,5,182790
337,6,609820
337,7,175175
337,8,341927
337,9,22649
337,postquiz,20515
338,instructions,222925
338,prequiz,29185
338,0,322000
338,1,458584
338,2,141992
338,3,305809
338,4,193600
338,5,760641
338,6,257704
338,7,103072
338,8,168808
338,9,123538
338,postquiz,57006
339,instructions,183669
339,prequiz,18457
339,0,151557
339,1,300319
339,2,225807
339,3,203754
339,4,449478
339,5,562661
339,6,333192
339,7,298235
339,8,180372
339,9,159436
339,postquiz,56987
340,instructions,90301
340,prequiz,57138
340,0,1188380
340,1,1973131
340,2,1311736
340,3,510251
340,4,241360
340,5,951211
340,6,279764
340,7,169233
340,8,375059
340,9,464351
340,postquiz,184080
341,instructions,595236
341,prequiz,355051
341,0,724142
341,1,469543
341,2,213934
341,3,522615
341,4,180807
341,5,152911
341,6,113869
341,7,268284
341,8,124431
341,9,133168
341,postquiz,106216
342,instructions,351340
342,prequiz,313516
342,0,358864
342,1,153502
342,2,130877
342,3,127970
342,4,117780
342,5,109390
342,6,146841
342,7,113713
342,8,149207
342,9,79369
342,postquiz,31690
343,instructions,655694
343,prequiz,647670
343,0,3969032
343,1,105191
343,2,55996
343,3,406180
343,4,87138
343,5,283410
343,6,216250
343,7,209939
343,8,178466
343,9,165424
343,postquiz,114163
344,instructions,192443
344,prequiz,15186
344,0,217172
344,1,133011
344,2,176385
344,3,238192
344,4,323872
344,5,482801
344,6,357625
344,7,227785
344,8,209576
344,9,190843
344,postquiz,80514
345,instructions,2268401
345,prequiz,2223322
345,0,612625
345,1,883657
345,2,208064
345,3,232573
345,4,220082
345,5,164530
345,6,136339
345,7,160341
345,8,216839
345,9,95325
345,postquiz,61939
346,instructions,131706
346,prequiz,19623
346,0,259939
346,1,266657
346,2,162292
346,3,265769
346,4,259245
346,5,60760
346,6,413148
346,7,566877
346,8,225492
346,9,121005
346,postquiz,48078
347,instructions,87614
347,prequiz,95824
347,0,1275566
347,1,585534
347,2,757313
347,3,416888
347,4,547484
347,5,136829
347,6,177836
347,7,80435
347,8,84987
347,9,92966
347,postquiz,28362
348,instructions,244173
348,prequiz,52321
348,0,534910
348,1,705082
348,2,312272
348,3,206179
348,4,111824
348,5,225061
348,6,141762
348,7,207244
348,8,153914
348,9,152948
348,postquiz,68703
349,instructions,91290
349,prequiz,12448
349,0,294012
349,1,417516
349,2,379317
349,3,206052
349,4,86377
349,5,309740
349,6,661572
349,7,527406
349,8,712693
349,9,298431
349,postquiz,102086
350,instructions,202757
350,prequiz,20791
350,0,342728
350,1,129263
350,2,114368
350,3,554904
350,4,115744
350,5,477887
350,6,722739
350,7,183869
350,8,98673
350,9,78696
350,postquiz,22976
351,instructions,100629
351,prequiz,10616
351,0,484947
351,1,386049
351,2,371426
351,3,272072
351,4,239583
351,5,265336
351,6,237422
351,7,256008
351,8,176633
351,9,277583
351,postquiz,82390
352,instructions,1446980
352,prequiz,103933
352,0,2842468
352,1,1176527
352,2,405773
352,3,601687
352,4,560877
352,5,284458
352,6,358343
352,7,491682
352,8,337244
352,9,199468
352,postquiz,138748
353,instructions,258967
353,prequiz,42450
353,0,158787
353,1,100672
353,2,192649
353,3,49648
353,4,116644
353,5,223874
353,6,94299
353,7,103327
353,8,60431
353,9,91736
353,postquiz,46032
354,instructions,169833
354,prequiz,13408
354,0,205904
354,1,438525
354,2,151261
354,3,138281
354,4,246249
354,5,387498
354,6,347763
354,7,277558
354,8,237202
354,9,160183
354,postquiz,51747
355,instructions,26568
355,prequiz,27722
355,0,317661
355,1,506746
355,2,218877
355,3,298884
355,4,161635
355,5,203510
355,6,226909
355,7,157024
355,8,205965
355,9,99447
355,postquiz,111242
356,instructions,90675
356,prequiz,56625
356,0,375299
356,1,205027
356,2,154403
356,3,75038
356,4,116807
356,5,91722
356,6,70498
356,7,224516
356,8,49217
356,9,113641
356,postquiz,36395
357,instructions,443420
357,prequiz,52876
357,0,482232
357,1,197271
357,2,713481
357,3,210069
357,4,176798
357,5,207166
357,6,146974
357,7,133575
357,8,252229
357,9,528959
357,postquiz,80836
358,instructions,411892
358,prequiz,497962
358,0,700726
358,1,351013
358,2,391138
358,3,175691
358,4,508898
358,5,193531
358,6,196678
358,7,362415
358,8,234624
358,9,983595
358,postquiz,137861
359,instructions,298460
359,prequiz,14896
359,0,230338
359,1,395070
359,2,1103478
359,3,122175
359,4,367537
359,5,364452
359,6,132342
359,7,315746
359,8,45292
359,9,200546
359,postquiz,49215
360,instructions,669949
360,prequiz,208748
360,0,1455739
360,1,1781417
360,2,1146714
360,3,716207
360,4,335584
360,5,263794
360,6,105911
360,7,162798
360,8,174638
360,9,251405
360,postquiz,84460
361,instructions,235432
361,prequiz,137589
361,0,367649
361,1,406218
361,2,258150
361,3,319641
361,4,218930
361,5,293621
361,6,323089
361,7,420010
361,8,276529
361,9,230603
361,postquiz,75627
362,instructions,127907
362,prequiz,21691
362,0,103017
362,1,322101
362,2,183357
362,3,79920
362,4,315469
362,5,147980
362,6,101447
362,7,139305
362,8,182993
362,9,108294
362,postquiz,88068
363,instructions,79097
363,prequiz,8342
363,0,168108
363,1,407586
363,2,426279
363,3,337202
363,4,202077
363,5,100135
363,6,450891
363,7,65141
363,8,485681
363,9,105709
363,postquiz,92100
364,instructions,246175
364,prequiz,34451
364,0,1063527
364,1,132264
364,2,215856
364,3,104893
364,4,264772
364,5,368285
364,6,224302
364,7,340435
364,8,83523
364,9,302706
364,postquiz,108201
365,instructions,476688
365,prequiz,246200
365,0,288276
365,1,296211
365,2,287359
365,3,226758
365,4,184390
365,5,177577
365,6,266111
365,7,1717667
365,8,80416
365,9,109829
365,postquiz,105691
366,instructions,475855
366,prequiz,161965
366,0,440370
366,1,269672
366,2,679104
366,3,406268
366,4,418270
366,5,262506
366,6,393666
366,7,254622
366,8,549924
366,9,332541
366,postquiz,101728
367,instructions,385240
367,prequiz,40840
367,0,1190766
367,1,606334
367,2,261313
367,3,377664
367,4,382609
367,5,409049
367,6,540196
367,7,120957
367,8,256900
367,9,571755
367,postquiz,123214
368,instructions,526139
368,prequiz,61417
368,0,503533
368,1,1047914
368,2,1215399
368,3,409587
368,4,801161
368,5,359963
368,6,427685
368,7,577682
368,8,925547
368,9,249507
368,postquiz,40769
369,instructions,161812
369,prequiz,21846
369,0,649014
369,1,715036
369,2,383181
369,3,130499
369,4,1232029
369,5,91799
369,6,58451
369,7,662538
369,8,124054
369,9,315377
369,postquiz,34274
370,instructions,284748
370,prequiz,223398
370,0,260406
370,1,167796
370,2,193404
370,3,179075
370,4,254813
370,5,184357
370,6,291924
370,7,324449
370,8,246790
370,9,375072
370,postquiz,125881
371,instructions,306747
371,prequiz,79252
371,0,700520
371,1,174100
371,2,225007
371,3,324952
371,4,219224
371,5,215442
371,6,1197872
371,7,196457
371,8,232529
371,9,227925
371,postquiz,52048
372,instructions,109920
372,prequiz,27045
372,0,220904
372,1,217430
372,2,82044
372,3,143631
372,4,148034
372,5,211298
372,6,47694
372,7,149852
372,8,140671
372,9,145107
372,postquiz,21700
373,instructions,611036
373,prequiz,260611
373,0,441999
373,1,641176
373,2,478444
373,3,186382
373,4,482034
373,5,136260
373,6,556005
373,7,116140
373,8,149679
373,9,50875
373,postquiz,101542
374,instructions,413534
374,prequiz,209702
374,0,506047
374,1,329409
374,2,198310
374,3,201930
374,4,222920
374,5,370001
374,6,358930
374,7,697355
374,8,496904
374,9,147582
374,postquiz,81228
375,instructions,560042
375,prequiz,447508
375,0,670741
375,1,192604
375,2,108307
375,3,134804
375,4,216190
375,5,132357
375,6,141913
375,7,183481
375,8,125248
375,9,110392
375,postquiz,58238
376,instructions,7888463
376,prequiz,7492215
376,0,319278
376,1,143528
376,2,294911
376,3,155072
376,4,147322
376,5,92720
376,6,226729
376,7,68248
376,8,163220
376,9,467590
376,postquiz,32355
377,instructions,47305
377,prequiz,35190
377,0,792069
377,1,290096
377,2,255027
377,3,752015
377,4,221039
377,5,1976872
377,6,328643
377,7,160978
377,8,230866
377,9,94440
377,postquiz,35565
378,instructions,316903
378,prequiz,46088
378,0,508997
378,1,885983
378,2,172865
378,3,837831
378,4,1121776
378,5,177561
378,6,234039
378,7,165905
378,8,206839
378,9,173160
378,postquiz,56785
379,instructions,532746
379,prequiz,235082
379,0,521508
379,1,385765
379,2,931984
379,3,222625
379,4,1275960
379,5,298885
379,6,117046
379,7,342065
379,8,221634
379,9,236637
379,postquiz,42736
380,instructions,25391
380,prequiz,109470
380,0,1168096
380,1,521498
380,2,375914
380,3,194007
380,4,150395
380,5,275221
380,6,217738
380,7,204843
380,8,118263
380,9,107031
380,postquiz,25792
381,instructions,210581
381,prequiz,15943
381,0,209012
381,1,182559
381,2,174083
381,3,277213
381,4,90475
381,5,52428
381,6,126502
381,7,74209
381,8,119301
381,9,241611
381,postquiz,26915
382,instructions,17432
382,prequiz,10096
382,0,1425419
382,1,259410
382,2,290731
382,3,135025
382,4,403734
382,5,360588
382,6,209225
382,7,151502
382,8,525893
382,9,72061
382,postquiz,76134
383,instructions,680122
383,prequiz,1312833
383,0,448484
383,1,251283
383,2,115848
383,3,151061
383,4,147895
383,5,97087
383,6,84487
383,7,87242
383,8,92297
383,9,77022
383,postquiz,33042
384,instructions,4101030
384,prequiz,615098
384,0,694606
384,1,503642
384,2,494274
384,3,327554
384,4,287414
384,5,521166
384,6,104415
384,7,547887
384,8,294343
384,9,157090
384,postquiz,96604
385,instructions,339721
385,prequiz,164762
385,0,402671
385,1,731847
385,2,275839
385,3,1027038
385,4,117183
385,5,595369
385,6,137743
385,7,274833
385,8,228717
385,9,180805
385,postquiz,93234
386,instructions,736892
386,prequiz,612618
386,0,172981
386,1,202591
386,2,90577
386,3,154524
386,4,134952
386,5,190413
386,6,162938
386,7,110247
386,8,155788
386,9,136890
386,postquiz,56771
387,instructions,16997
387,prequiz,6764
387,0,701197
387,1,513425
387,2,1059567
387,3,334815
387,4,212771
387,5,396759
387,6,402541
387,7,230972
387,8,275990
387,9,259075
387,postquiz,56663
388,instructions,1342970
388,prequiz,730274
388,0,419797
388,1,521754
388,2,317439
388,3,294469
388,4,332853
388,5,196203
388,6,130355
388,7,178963
388,8,168750
388,9,387254
388,postquiz,39107
389,instructions,48229
389,prequiz,63071
389,0,4760382
389,1,516623
389,2,165894
389,3,182533
389,4,161169
389,5,359155
389,6,308635
389,7,168704
389,8,179759
389,9,208539
389,postquiz,53107
390,instructions,120121
390,prequiz,15416
390,0,683914
390,1,118636
390,2,171697
390,3,695441
390,4,226929
390,5,569525
390,6,71072
390,7,341628
390,8,317866
390,9,72290
390,postquiz,64962
391,instructions,521166
391,prequiz,108452
391,0,235697
391,1,517387
391,2,202762
391,3,127372
391,4,226816
391,5,81512
391,6,109678
391,7,242420
391,8,79379
391,9,148860
391,postquiz,52583
392,instructions,1111973
392,prequiz,534434
392,0,638402
392,1,552912
392,2,517822
392,3,733944
392,4,303235
392,5,129798
392,6,384999
392,7,245812
392,8,180944
392,9,136180
392,postquiz,122638
393,instructions,977443
393,prequiz,107715
393,0,485812
393,1,268582
393,2,685736
393,3,180906
393,4,927863
393,5,240697
393,6,314054
393,7,895777
393,8,187594
393,9,118865
393,postquiz,38240
394,instructions,12029
394,prequiz,101823
394,0,384027
394,1,750816
394,2,357975
394,3,241772
394,4,454372
394,5,577328
394,6,429452
394,7,513337
394,8,1076179
394,9,144737
394,postquiz,249280
395,instructions,361148
395,prequiz,61943
395,0,1630872
395,1,644143
395,2,331060
395,3,440255
395,4,1223183
395,5,593594
395,6,375021
395,7,729804
395,8,513340
395,9,382104
395,postquiz,51371
396,instructions,4616237
396,prequiz,91375
396,0,707127
396,1,228653
396,2,217696
396,3,219330
396,4,69578
396,5,207062
396,6,274090
396,7,509246
396,8,357357
396,9,97786
396,postquiz,30082
397,instructions,43062
397,prequiz,37175
397,0,211510
397,1,161314
397,2,1034654
397,3,274641
397,4,342450
397,5,185413
397,6,253321
397,7,416144
397,8,289399
397,9,128057
397,postquiz,123200
398,instructions,718852
398,prequiz,115215
398,0,271105
398,1,1178321
398,2,919696
398,3,506371
398,4,107140
398,5,330747
398,6,429918
398,7,881205
398,8,339591
398,9,186277
398,postquiz,69501
399,instructions,125032
399,prequiz,42385
399,0,559846
399,1,518836
399,2,265139
399,3,273065
399,4,332385
399,5,263920
399,6,288370
399,7,199332
399,8,94306
399,9,150431
399,postquiz,145146
400,instructions,244488
400,prequiz,35719
400,0,188468
400,1,525892
400,2,883356
400,3,1026787
400,4,295616
400,5,384724
400,6,591509
400,7,457411
400,8,210416
400,9,504036
400,postquiz,50275
401,instructions,333697
401,prequiz,155074
401,0,967552
401,1,406765
401,2,324510
401,3,394328
401,4,356148
401,5,1098729
401,6,376453
401,7,191467
401,8,400942
401,9,246730
401,postquiz,71601
402,instructions,903822
402,prequiz,56690
402,0,319436
402,1,467833
402,2,155581
402,3,427588
402,4,149261
402,5,122129
402,6,171595
402,7,216085
402,8,400599
402,9,227512
402,postquiz,85078
403,instructions,821596
403,prequiz,385760
403,0,260627
403,1,279971
403,2,127475
403,3,276726
403,4,545277
403,5,327830
403,6,185301
403,7,368529
403,8,558306
403,9,773388
403,postquiz,81169
404,instructions,161985
404,prequiz,284559
404,0,844958
404,1,338599
404,2,119230
404,3,122916
404,4,143292
404,5,162833
404,6,77366
404,7,59245
404,8,88674
404,9,144719
404,postquiz,52807
405,instructions,416650
405,prequiz,415903
405,0,3935820
405,1,309891
405,2,240638
405,3,141010
405,4,83758
405,5,85183
405,6,80893
405,7,74323
405,8,87314
405,9,50781
405,postquiz,31392
406,instructions,239844
406,prequiz,21582
406,0,222241
406,1,80057
406,2,411394
406,3,184100
406,4,148451
406,5,700221
406,6,90172
406,7,828837
406,8,87615
406,9,182999
406,postquiz,187995
407,instructions,383194
407,prequiz,72697
407,0,732872
407,1,356831
407,2,377706
407,3,603677
407,4,1072653
407,5,1387495
407,6,429384
407,7,357755
407,8,584025
407,9,249689
407,postquiz,86517
408,instructions,4716
408,prequiz,18020
408,0,54806
408,1,50232
408,2,65118
408,3,83207
408,4,419270
408,5,233322
408,6,123140
408,7,61008
408,8,52751
408,9,60125
408,postquiz,22275
409,instructions,645731
409,prequiz,61937
409,0,110206
409,1,96301
409,2,155958
409,3,104086
409,4,128221
409,5,869622
409,6,134251
409,7,154487
409,8,117888
409,9,96232
409,postquiz,171730
410,instructions,56541
410,prequiz,50612
410,0,834787
410,1,549263
410,2,491986
410,3,839503
410,4,356106
410,5,438859
410,6,390608
410,7,176077
410,8,386055
410,9,266508
410,postquiz,52231
411,instructions,2095988
411,prequiz,2084176
411,0,583881
411,1,261377
411,2,272131
411,3,145250
411,4,152108
411,5,95580
411,6,126013
411,7,115620
411,8,214061
411,9,127386
411,postquiz,114669
412,instructions,295911
412,prequiz,20702
412,0,99215
412,1,677027
412,2,84928
412,3,253121
412,4,74407
412,5,218048
412,6,1013834
412,7,627468
412,8,420997
412,9,136331
412,postquiz,38636
413,instructions,184675
413,prequiz,15399
413,0,440784
413,1,254092
413,2,126608
413,3,165312
413,4,146761
413,5,390775
413,6,209918
413,7,413356
413,8,399912
413,9,227136
413,postquiz,152806
414,instructions,312605
414,prequiz,163695
414,0,241683
414,1,135487
414,2,167120
414,3,85368
414,4,82911
414,5,80955
414,6,75764
414,7,90964
414,8,113251
414,9,122577
414,postquiz,74801
415,instructions,528225
415,prequiz,14018
415,0,415460
415,1,651679
415,2,271818
415,3,252062
415,4,279232
415,5,362499
415,6,310977
415,7,542501
415,8,104627
415,9,255588
415,postquiz,100477
416,instructions,2458019
416,prequiz,878682
416,0,715894
416,1,970734
416,2,651924
416,3,213103
416,4,353696
416,5,113483
416,6,274465
416,7,102262
416,8,224266
416,9,99191
416,postquiz,67161
417,instructions,44492
417,prequiz,44450
417,0,565150
417,1,209954
417,2,552922
417,3,510951
417,4,818569
417,5,243363
417,6,414795
417,7,281681
417,8,259393
417,9,132942
417,postquiz,166563
418,instructions,1551686
418,prequiz,1467927
418,0,717971
418,1,176597
418,2,103241
418,3,81999
418,4,83180
418,5,73831
418,6,68119
418,7,61309
418,8,60002
418,9,65902
418,postquiz,73550
419,instructions,382883
419,prequiz,263075
419,0,309426
419,1,466185
419,2,209267
419,3,265014
419,4,309496
419,5,451519
419,6,256547
419,7,376538
419,8,116033
419,9,197366
419,postquiz,57337
420,instructions,124238
420,prequiz,141436
420,0,134150
420,1,78734
420,2,223521
420,3,83595
420,4,60813
420,5,78887
420,6,66225
420,7,56135
420,8,83808
420,9,71768
420,postquiz,31597
421,instructions,1871043
421,prequiz,1791959
421,0,1243266
421,1,743463
421,2,471246
421,3,535023
421,4,712560
421,5,242878
421,6,271627
421,7,327026
421,8,339834
421,9,314240
421,postquiz,112948
422,instructions,392023
422,prequiz,210871
422,0,180187
422,1,402637
422,2,97215
422,3,71502
422,4,62391
422,5,75425
422,6,106181
422,7,68871
422,8,73722
422,9,113202
422,postquiz,44807
423,instructions,1297233
423,prequiz,750172
423,0,2521951
423,1,822737
423,2,282013
423,3,776656
423,4,449672
423,5,1210893
423,6,962179
423,7,494131
423,8,424668
423,9,411099
423,postquiz,227985
424,instructions,366132
424,prequiz,157559
424,0,3329859
424,1,375682
424,2,319541
424,3,333291
424,4,158222
424,5,285109
424,6,163482
424,7,142199
424,8,234062
424,9,182785
424,postquiz,50288
425,instructions,1177993
425,prequiz,1253594
425,0,405747
425,1,265672
425,2,1260015
425,3,948959
425,4,1196239
425,5,1493457
425,6,619132
425,7,540912
425,8,379149
425,9,1125035
425,postquiz,88996
426,instructions,17823
426,prequiz,138053
426,0,354828
426,1,502220
426,2,308569
426,3,124830
426,4,317782
426,5,169729
426,6,317630
426,7,342670
426,8,316990
426,9,211524
426,postquiz,91677
427,instructions,10132
427,prequiz,8098
427,0,329897
427,1,159152
427,2,76461
427,3,1993208
427,4,183163
427,5,363586
427,6,151259
427,7,257191
427,8,140099
427,9,122055
427,postquiz,26994
428,instructions,59400
428,prequiz,58360
428,0,266111
428,1,194797
428,2,163445
428,3,340488
428,4,260286
428,5,295958
428,6,224182
428,7,69387
428,8,27686
428,9,106469
428,postquiz,50076
429,instructions,521020
429,prequiz,94327
429,0,118585
429,1,96947
429,2,69833
429,3,104276
429,4,86218
429,5,90497
429,6,92013
429,7,78128
429,8,121004
429,9,98369
429,postquiz,114008
430,instructions,167185
430,prequiz,46171
430,0,203027
430,1,241721
430,2,249617
430,3,157229
430,4,181478
430,5,167485
430,6,211391
430,7,126137
430,8,105553
430,9,314189
430,postquiz,38709
431,instructions,1075158
431,prequiz,126854
431,0,730591
431,1,670389
431,2,289207
431,3,1352115
431,4,835982
431,5,367103
431,6,447253
431,7,510890
431,8,247013
431,9,192851
431,postquiz,168407
432,instructions,77069
432,prequiz,18286
432,0,191224
432,1,88658
432,2,136363
432,3,133994
432,4,115716
432,5,91827
432,6,101726
432,7,88553
432,8,87201
432,9,95381
432,postquiz,20120
433,instructions,63097
433,prequiz,13245
433,0,543505
433,1,96186
433,2,434551
433,3,266647
433,4,98929
433,5,59571
433,6,268721
433,7,226470
433,8,243584
433,9,239785
433,postquiz,49248
434,instructions,608424
434,prequiz,608326
434,0,304815
434,1,668249
434,2,899049
434,3,103280
434,4,73172
434,5,71623
434,6,72364
434,7,83119
434,8,151359
434,9,80798
434,postquiz,82292
435,instructions,24878
435,prequiz,14011
435,0,469377
435,1,457776
435,2,223055
435,3,126317
435,4,124499
435,5,111805
435,6,192806
435,7,191323
435,8,188343
435,9,147980
435,postquiz,131412
436,instructions,521624
436,prequiz,514836
436,0,1498923
436,1,163243
436,2,191324
436,3,118690
436,4,174674
436,5,194788
436,6,205500
436,7,280404
436,8,113856
436,9,106181
436,postquiz,44881
437,instructions,159384
437,prequiz,21094
437,0,628054
437,1,755801
437,2,979097
437,3,270804
437,4,532906
437,5,308469
437,6,691081
437,7,1345824
437,8,325498
437,9,319769
437,postquiz,70046
438,instructions,73585
438,prequiz,64794
438,0,404381
438,1,1547186
438,2,99346
438,3,78227
438,4,94372
438,5,61761
438,6,66357
438,7,64849
438,8,85063
438,9,58510
438,postquiz,55757
439,instructions,262323
439,prequiz,7372
439,0,441245
439,1,1117725
439,2,291145
439,3,939219
439,4,240753
439,5,380952
439,6,414637
439,7,535893
439,8,580516
439,9,402672
439,postquiz,78519
440,instructions,59324
440,prequiz,21349
440,0,179629
440,1,388184
440,2,359019
440,3,540876
440,4,222635
440,5,255593
440,6,404836
440,7,310392
440,8,398187
440,9,243067
440,postquiz,82811
441,instructions,535279
441,prequiz,628913
441,0,916569
441,1,423866
441,2,262951
441,3,634238
441,4,280907
441,5,413862
441,6,505100
441,7,116211
441,8,546758
441,9,587435
441,postquiz,271978
442,instructions,416492
442,prequiz,57759
442,0,600696
442,1,462908
442,2,227892
442,3,339491
442,4,497133
442,5,405459
442,6,347527
442,7,521489
442,8,251864
442,9,282012
442,postquiz,68941
443,instructions,539411
443,prequiz,267516
443,0,861619
443,1,218488
443,2,868950
443,3,227072
443,4,169378
443,5,169086
443,6,141283
443,7,132093
443,8,132221
443,9,104339
443,postquiz,100399
444,instructions,218155
444,prequiz,115782
444,0,413755
444,1,309143
444,2,348517
444,3,394019
444,4,195660
444,5,230797
444,6,865587
444,7,452239
444,8,303038
444,9,148040
444,postquiz,83315
445,instructions,156994
445,prequiz,21089
445,0,213333
445,1,67997
445,2,148505
445,3,120978
445,4,38998
445,5,154838
445,6,108308
445,7,148732
445,8,102730
445,9,93560
445,postquiz,21855
446,instructions,432754
446,prequiz,200292
446,0,638880
446,1,118289
446,2,201441
446,3,543363
446,4,298322
446,5,188321
446,6,256169
446,7,410419
446,8,328652
446,9,250740
446,postquiz,89469
447,instructions,31417
447,prequiz,13153
447,0,195092
447,1,119677
447,2,188693
447,3,163809
447,4,121515
447,5,110421
447,6,111626
447,7,137512
447,8,182140
447,9,198564
447,postquiz,34500
448,instructions,184011
448,prequiz,68918
448,0,590383
448,1,679662
448,2,425897
448,3,749943
448,4,458775
448,5,350011
448,6,1352234
448,7,219494
448,8,198223
448,9,281960
448,postquiz,123034
449,instructions,206223
449,prequiz,177482
449,0,2735097
449,1,162463
449,2,88522
449,3,120139
449,4,181541
449,5,91411
449,6,63858
449,7,65389
449,8,71402
449,9,69473
449,postquiz,65485
450,instructions,460287
450,prequiz,30990
450,0,502530
450,1,140531
450,2,172682
450,3,159779
450,4,264166
450,5,137510
450,6,131635
450,7,159577
450,8,550654
450,9,1540588
450,postquiz,50068
451,instructions,220058
451,prequiz,400423
451,0,507820
451,1,351717
451,2,410603
451,3,513593
451,4,285889
451,5,361235
451,6,188398
451,7,112111
451,8,296809
451,9,232471
451,postquiz,27844
452,instructions,238095
452,prequiz,32409
452,0,152360
452,1,76850
452,2,222818
452,3,317223
452,4,159600
452,5,583623
452,6,262763
452,7,158602
452,8,606583
452,9,443607
452,postquiz,93866
453,instructions,132253
453,prequiz,95365
453,0,854985
453,1,464054
453,2,155500
453,3,281061
453,4,281158
453,5,285251
453,6,193062
453,7,646094
453,8,105139
453,9,65481
453,postquiz,127344
454,instructions,507912
454,prequiz,204468
454,0,1198646
454,1,636840
454,2,1063130
454,3,616917
454,4,624346
454,5,283190
454,6,990578
454,7,447302
454,8,194593
454,9,587658
454,postquiz,247941
455,instructions,479581
455,prequiz,297175
455,0,123702
455,1,93686
455,2,98738
455,3,101684
455,4,108236
455,5,80234
455,6,96103
455,7,87612
455,8,77071
455,9,105491
455,postquiz,48629
456,instructions,617123
456,prequiz,350784
456,0,647345
456,1,4462132
456,2,258810
456,3,1071665
456,4,231751
456,5,519119
456,6,497092
456,7,188919
456,8,431982
456,9,458994
456,postquiz,133688
457,instructions,74783
457,prequiz,14593
457,0,306019
457,1,293290
457,2,362500
457,3,135784
457,4,209330
457,5,163954
457,6,386489
457,7,155812
457,8,403700
457,9,99933
457,postquiz,45392
458,instructions,592597
458,prequiz,303782
458,0,862045
458,1,402752
458,2,738262
458,3,204140
458,4,271871
458,5,306092
458,6,239312
458,7,324437
458,8,228838
458,9,193506
458,postquiz,152437
459,instructions,89598
459,prequiz,13061
459,0,350530
459,1,79708
459,2,319501
459,3,239862
459,4,223808
459,5,169560
459,6,157452
459,7,185020
459,8,88831
459,9,194580
459,postquiz,67321
460,instructions,272369
460,prequiz,31534
460,0,178765
460,1,206678
460,2,341457
460,3,172895
460,4,767954
460,5,341140
460,6,36955
460,7,128404
460,8,135065
460,9,349991
460,postquiz,160087
461,instructions,131072
461,prequiz,120114
461,0,288588
461,1,165688
461,2,98344
461,3,135383
461,4,135911
461,5,117966
461,6,175357
461,7,84349
461,8,139719
461,9,115915
461,postquiz,90749
462,instructions,645438
462,prequiz,16557
462,0,945145
462,1,315589
462,2,286850
462,3,209670
462,4,356496
462,5,292931
462,6,136562
462,7,198819
462,8,268734
462,9,251774
462,postquiz,90611
463,instructions,246051
463,prequiz,337299
463,0,643450
463,1,662788
463,2,228543
463,3,315893
463,4,219781
463,5,361258
463,6,355229
463,7,193891
463,8,302493
463,9,270069
463,postquiz,65938
464,instructions,341607
464,prequiz,182630
464,0,534620
464,1,134295
464,2,172929
464,3,137509
464,4,99932
464,5,152744
464,6,303558
464,7,149130
464,8,203419
464,9,130900
464,postquiz,113010
465,instructions,152652
465,prequiz,15053
465,0,401943
465,1,177869
465,2,268175
465,3,286826
465,4,220130
465,5,103692
465,6,120470
465,7,307363
465,8,89307
465,9,57060
465,postquiz,18877
466,instructions,1087549
466,prequiz,676406
466,0,2231095
466,1,214498
466,2,191082
466,3,227761
466,4,150639
466,5,163699
466,6,222741
466,7,192461
466,8,218919
466,9,140384
466,postquiz,101478
467,instructions,199659
467,prequiz,17689
467,0,353015
467,1,592931
467,2,248224
467,3,214978
467,4,239343
467,5,356674
467,6,419958
467,7,177756
467,8,324831
467,9,313084
467,postquiz,55728
468,instructions,1882016
468,prequiz,714899
468,0,392406
468,1,797425
468,2,1616053
468,3,202604
468,4,410657
468,5,174039
468,6,96139
468,7,315319
468,8,136194
468,9,126215
468,postquiz,59397
469,instructions,157348
469,prequiz,88454
469,0,106730
469,1,56243
469,2,106965
469,3,85194
469,4,149193
469,5,127932
469,6,102117
469,7,162489
469,8,112161
469,9,110563
469,postquiz,54288
470,instructions,1484934
470,prequiz,661877
470,0,2402115
470,1,191869
470,2,123378
470,3,305607
470,4,200297
470,5,190318
470,6,219116
470,7,112385
470,8,165553
470,9,140055
470,postquiz,34013
471,instructions,7667
471,prequiz,4904
471,0,96113
471,1,72906
471,2,85500
471,3,63152
471,4,59487
471,5,60286
471,6,63067
471,7,65122
471,8,57966
471,9,59128
471,postquiz,26664
472,instructions,2514062
472,prequiz,2341516
472,0,463759
472,1,805105
472,2,273317
472,3,196763
472,4,302851
472,5,102398
472,6,111968
472,7,270663
472,8,113137
472,9,236549
472,postquiz,80264
473,instructions,162296
473,prequiz,6556
473,0,1143747
473,1,88617
473,2,184944
473,3,798949
473,4,90144
473,5,149565
473,6,80419
473,7,258031
473,8,124746
473,9,90901
473,postquiz,32184
474,instructions,691947
474,prequiz,2457912
474,0,212381
474,1,183483
474,2,134168
474,3,114148
474,4,222240
474,5,722769
474,6,2712795
474,7,94802
474,8,138506
474,9,122546
474,postquiz,52540
475,instructions,146940
475,prequiz,14129
475,0,202937
475,1,397188
475,2,66865
475,3,163210
475,4,77653
475,5,462290
475,6,415176
475,7,157847
475,8,276331
475,9,372028
475,postquiz,642353
476,instructions,11116
476,prequiz,26152
476,0,205850
476,1,128041
476,2,168735
476,3,83305
476,4,34626
476,5,98055
476,6,189991
476,7,96881
476,8,73575
476,9,1401668
476,postquiz,31870
477,instructions,530148
477,prequiz,479496
477,0,550706
477,1,126869
477,2,151940
477,3,432152
477,4,263255
477,5,180674
477,6,213181
477,7,174980
477,8,226239
477,9,144266
477,postquiz,127113
478,instructions,22134
478,prequiz,17623
478,0,372233
478,1,362675
478,2,74318
478,3,181238
478,4,117464
478,5,203490
478,6,400519
478,7,198291
478,8,320544
478,9,325541
478,postquiz,49005
479,instructions,1049057
479,prequiz,715011
479,0,493330
479,1,254318
479,2,268839
479,3,183077
479,4,325557
479,5,114106
479,6,138969
479,7,104373
479,8,135991
479,9,155241
479,postquiz,26894
480,instructions,184425
480,prequiz,16130
480,0,125816
480,1,174615
480,2,126168
480,3,103120
480,4,104767
480,5,248416
480,6,251592
480,7,91233
480,8,210448
480,9,122971
480,postquiz,46604
481,instructions,316649
481,prequiz,36491
481,0,730584
481,1,1608954
481,2,428023
481,3,704447
481,4,174750
481,5,395762
481,6,294442
481,7,220892
481,8,236197
481,9,173815
481,postquiz,30216
482,instructions,2325981
482,prequiz,27830
482,0,347872
482,1,136422
482,2,71004
482,3,58885
482,4,51911
482,5,51624
482,6,301256
482,7,209961
482,8,54793
482,9,58373
482,postquiz,55643
483,instructions,379235
483,prequiz,479929
483,0,1140426
483,1,496126
483,2,774573
483,3,864949
483,4,956538
483,5,396961
483,6,723639
483,7,343340
483,8,84342
483,9,190054
483,postquiz,51957
484,instructions,141015
484,prequiz,346874
484,0,921577
484,1,839185
484,2,469174
484,3,442151
484,4,453898
484,5,236491
484,6,251728
484,7,234643
484,8,423267
484,9,234879
484,postquiz,30085
485,instructions,517806
485,prequiz,27738
485,0,290900
485,1,444089
485,2,463554
485,3,67334
485,4,2483883
485,5,292739
485,6,169337
485,7,156535
485,8,155374
485,9,173662
485,postquiz,20873
486,instructions,185616
486,prequiz,43219
486,0,1445028
486,1,1002498
486,2,155695
486,3,148591
486,4,305529
486,5,1159781
486,6,259163
486,7,118647
486,8,161527
486,9,274977
486,postquiz,30900
487,instructions,183524
487,prequiz,60954
487,0,713120
487,1,431903
487,2,199270
487,3,328304
487,4,542622
487,5,183351
487,6,304629
487,7,341963
487,8,186171
487,9,210146
487,postquiz,49549
488,instructions,666055
488,prequiz,26160
488,0,317447
488,1,362959
488,2,163460
488,3,227966
488,4,343463
488,5,416164
488,6,544706
488,7,215058
488,8,128451
488,9,103118
488,postquiz,58493
489,instructions,11260
489,prequiz,21883
489,0,342610
489,1,524643
489,2,258068
489,3,383350
489,4,561288
489,5,795061
489,6,221313
489,7,345477
489,8,472471
489,9,408634
489,postquiz,139333
490,instructions,313055
490,prequiz,330448
490,0,224540
490,1,118478
490,2,128482
490,3,77071
490,4,80764
490,5,90827
490,6,62469
490,7,69928
490,8,65009
490,9,59667
490,postquiz,57307
491,instructions,408123
491,prequiz,42830
491,0,702000
491,1,374924
491,2,471894
491,3,211573
491,4,725761
491,5,351272
491,6,254715
491,7,67935
491,8,435465
491,9,250244
491,postquiz,51234
492,instructions,186036
492,prequiz,21682
492,0,356229
492,1,129266
492,2,211748
492,3,320380
492,4,122087
492,5,66361
492,6,204365
492,7,81820
492,8,106335
492,9,234715
492,postquiz,245171
493,instructions,463560
493,prequiz,157179
493,0,349011
493,1,427657
493,2,625159
493,3,4384994
493,4,308724
493,5,561992
493,6,213413
493,7,638640
493,8,582240
493,9,478367
493,postquiz,71064
494,instructions,235512
494,prequiz,28826
494,0,264387
494,1,201688
494,2,207735
494,3,459270
494,4,246415
494,5,74103
494,6,276877
494,7,196805
494,8,340963
494,9,101813
494,postquiz,45258
495,instructions,36575
495,prequiz,12212
495,0,475614
495,1,366407
495,2,785736
495,3,583058
495,4,880262
495,5,164125
495,6,592072
495,7,230086
495,8,868145
495,9,304144
495,postquiz,168337
496,instructions,462955
496,prequiz,34795
496,0,260569
496,1,182031
496,2,670143
496,3,268748
496,4,417282
496,5,398717
496,6,94991
496,7,63495
496,8,261540
496,9,475041
496,postquiz,75356
497,instructions,257970
497,prequiz,39240
497,0,242998
497,1,542077
497,2,589973
497,3,333169
497,4,175739
497,5,334198
497,6,511805
497,7,208914
497,8,272645
497,9,92154
497,postquiz,69199
498,instructions,146450
498,prequiz,20785
498,0,380852
498,1,339427
498,2,583348
498,3,104129
498,4,242699
498,5,105022
498,6,362393
498,7,297087
498,8,267535
498,9,97957
498,postquiz,152151
